-- phpMyAdmin SQL Dump
-- version 4.6.4
-- https://www.phpmyadmin.net/
--
-- Host: 127.0.0.1
-- Generation Time: Aug 21, 2021 at 09:36 AM
-- Server version: 5.7.14
-- PHP Version: 7.0.10

SET SQL_MODE = "NO_AUTO_VALUE_ON_ZERO";
SET time_zone = "+00:00";


/*!40101 SET @OLD_CHARACTER_SET_CLIENT=@@CHARACTER_SET_CLIENT */;
/*!40101 SET @OLD_CHARACTER_SET_RESULTS=@@CHARACTER_SET_RESULTS */;
/*!40101 SET @OLD_COLLATION_CONNECTION=@@COLLATION_CONNECTION */;
/*!40101 SET NAMES utf8mb4 */;

--
-- Database: `alpha_date`
--

-- --------------------------------------------------------

--
-- Table structure for table `blocked_users`
--

CREATE TABLE `blocked_users` (
  `id` int(11) NOT NULL,
  `user_id` int(11) NOT NULL,
  `blocked_id` int(11) NOT NULL,
  `date` timestamp NOT NULL DEFAULT CURRENT_TIMESTAMP
) ENGINE=MyISAM DEFAULT CHARSET=latin1;

--
-- Dumping data for table `blocked_users`
--

INSERT INTO `blocked_users` (`id`, `user_id`, `blocked_id`, `date`) VALUES
(1, 3, 4, '2018-08-05 08:12:01'),
(2, 14, 11, '2018-08-16 21:19:55');

-- --------------------------------------------------------

--
-- Table structure for table `chat_groups`
--

CREATE TABLE `chat_groups` (
  `id` int(11) NOT NULL,
  `name` text CHARACTER SET utf8 NOT NULL,
  `date` timestamp NOT NULL DEFAULT CURRENT_TIMESTAMP,
  `user_id` int(11) NOT NULL
) ENGINE=MyISAM DEFAULT CHARSET=latin1;

--
-- Dumping data for table `chat_groups`
--

INSERT INTO `chat_groups` (`id`, `name`, `date`, `user_id`) VALUES
(1, 'גרושות חרמניות', '2018-08-10 21:09:24', 1),
(2, 'חרא עליכם', '2018-08-11 20:56:54', 1),
(3, 'חיחיחי', '2018-08-11 21:01:48', 1),
(4, 'בדיקה', '2018-08-11 21:02:49', 1),
(5, 'בדיקה', '2018-08-11 21:03:01', 1),
(6, 'בדיקה', '2018-08-11 21:03:21', 1),
(7, 'בדיקה', '2018-08-11 21:08:48', 1),
(8, 'בדיקה', '2018-08-11 21:09:59', 1),
(9, 'בבבב', '2018-08-11 21:14:54', 1),
(10, 'חרא עליכם', '2018-08-11 21:21:14', 1),
(11, 'להלהלה', '2018-08-11 21:31:16', 1),
(12, 'היושים', '2018-08-11 21:32:04', 1),
(13, 'בדיקה', '2018-08-11 21:34:10', 1),
(14, 'להלהלה', '2018-08-11 21:34:58', 1),
(15, 'בדיקה', '2018-08-11 21:35:50', 1),
(16, 'בדיקה', '2018-08-11 21:36:33', 1),
(17, 'קבוצה א', '2018-08-15 14:48:43', 1),
(18, 'בקקקק', '2018-08-16 21:20:11', 14),
(19, 'שדגשדג', '2018-08-16 21:20:43', 14),
(20, 'שדג/\'ק\'', '2018-08-16 21:21:32', 14),
(21, 'להלהלה', '2018-08-16 21:22:20', 14),
(22, 'hello', '2018-08-16 21:47:26', 5),
(23, 'קבוצה קבוצתית', '2018-12-07 19:37:39', 1),
(24, 'היכרויות 18+', '2018-12-07 19:41:12', 2),
(25, 'בדיקה', '2018-12-22 14:52:02', 1);

-- --------------------------------------------------------

--
-- Table structure for table `chat_groups_members`
--

CREATE TABLE `chat_groups_members` (
  `id` int(11) NOT NULL,
  `user_id` int(11) NOT NULL,
  `group_id` int(11) NOT NULL,
  `date` timestamp NOT NULL DEFAULT CURRENT_TIMESTAMP
) ENGINE=MyISAM DEFAULT CHARSET=latin1;

--
-- Dumping data for table `chat_groups_members`
--

INSERT INTO `chat_groups_members` (`id`, `user_id`, `group_id`, `date`) VALUES
(1, 1, 1, '2018-08-10 21:21:45'),
(2, 2, 1, '2018-08-10 21:21:45'),
(3, 1, 0, '2018-08-11 20:50:47'),
(4, 2, 0, '2018-08-11 20:50:47'),
(5, 10, 0, '2018-08-11 20:50:47'),
(6, 1, 2, '2018-08-11 20:56:54'),
(7, 2, 2, '2018-08-11 20:56:54'),
(8, 10, 2, '2018-08-11 20:56:54'),
(9, 4, 2, '2018-08-11 20:56:54'),
(10, 1, 3, '2018-08-11 21:01:48'),
(11, 2, 3, '2018-08-11 21:01:48'),
(12, 10, 3, '2018-08-11 21:01:48'),
(13, 1, 4, '2018-08-11 21:02:49'),
(14, 2, 4, '2018-08-11 21:02:49'),
(15, 10, 4, '2018-08-11 21:02:49'),
(16, 1, 5, '2018-08-11 21:03:01'),
(17, 2, 5, '2018-08-11 21:03:01'),
(18, 10, 5, '2018-08-11 21:03:01'),
(19, 1, 6, '2018-08-11 21:03:21'),
(20, 2, 6, '2018-08-11 21:03:21'),
(21, 10, 6, '2018-08-11 21:03:21'),
(22, 1, 7, '2018-08-11 21:08:48'),
(23, 2, 7, '2018-08-11 21:08:48'),
(24, 10, 7, '2018-08-11 21:08:48'),
(25, 1, 8, '2018-08-11 21:09:59'),
(26, 2, 8, '2018-08-11 21:09:59'),
(27, 10, 8, '2018-08-11 21:09:59'),
(28, 1, 9, '2018-08-11 21:14:54'),
(29, 2, 9, '2018-08-11 21:14:54'),
(30, 10, 9, '2018-08-11 21:14:54'),
(31, 1, 10, '2018-08-11 21:21:14'),
(32, 2, 10, '2018-08-11 21:21:14'),
(33, 10, 10, '2018-08-11 21:21:14'),
(34, 1, 11, '2018-08-11 21:31:16'),
(35, 2, 11, '2018-08-11 21:31:16'),
(36, 10, 11, '2018-08-11 21:31:16'),
(37, 1, 12, '2018-08-11 21:32:04'),
(38, 2, 12, '2018-08-11 21:32:04'),
(39, 10, 12, '2018-08-11 21:32:04'),
(40, 4, 12, '2018-08-11 21:32:04'),
(41, 12, 12, '2018-08-11 21:32:04'),
(42, 5, 12, '2018-08-11 21:32:04'),
(43, 3, 12, '2018-08-11 21:32:04'),
(44, 1, 13, '2018-08-11 21:34:10'),
(45, 2, 13, '2018-08-11 21:34:10'),
(46, 10, 13, '2018-08-11 21:34:10'),
(47, 1, 14, '2018-08-11 21:34:58'),
(48, 2, 14, '2018-08-11 21:34:58'),
(49, 10, 14, '2018-08-11 21:34:58'),
(50, 1, 15, '2018-08-11 21:35:50'),
(51, 2, 15, '2018-08-11 21:35:50'),
(52, 10, 15, '2018-08-11 21:35:50'),
(53, 1, 16, '2018-08-11 21:36:33'),
(54, 2, 16, '2018-08-11 21:36:33'),
(55, 10, 16, '2018-08-11 21:36:33'),
(56, 1, 17, '2018-08-15 14:48:43'),
(57, 2, 17, '2018-08-15 14:48:43'),
(58, 10, 17, '2018-08-15 14:48:43'),
(59, 4, 17, '2018-08-15 14:48:43'),
(60, 14, 18, '2018-08-16 21:20:11'),
(61, 11, 18, '2018-08-16 21:20:11'),
(62, 1, 18, '2018-08-16 21:20:11'),
(63, 14, 19, '2018-08-16 21:20:43'),
(64, 11, 19, '2018-08-16 21:20:43'),
(65, 1, 19, '2018-08-16 21:20:43'),
(66, 14, 20, '2018-08-16 21:21:32'),
(67, 11, 20, '2018-08-16 21:21:32'),
(68, 1, 20, '2018-08-16 21:21:32'),
(69, 14, 21, '2018-08-16 21:22:20'),
(70, 11, 21, '2018-08-16 21:22:20'),
(71, 1, 21, '2018-08-16 21:22:20'),
(72, 1, 23, '2018-12-07 19:37:39'),
(73, 2, 23, '2018-12-07 19:37:39'),
(74, 20, 23, '2018-12-07 19:37:39'),
(75, 14, 23, '2018-12-07 19:37:39'),
(76, 10, 23, '2018-12-07 19:37:39'),
(77, 2, 24, '2018-12-07 19:41:12'),
(78, 1, 24, '2018-12-07 19:41:12'),
(79, 18, 24, '2018-12-07 19:41:12'),
(80, 13, 24, '2018-12-07 19:41:12'),
(81, 1, 25, '2018-12-22 14:52:02'),
(82, 20, 25, '2018-12-22 14:52:02'),
(83, 14, 25, '2018-12-22 14:52:02');

-- --------------------------------------------------------

--
-- Table structure for table `cities`
--

CREATE TABLE `cities` (
  `id` int(11) NOT NULL,
  `name` text CHARACTER SET utf8 NOT NULL
) ENGINE=MyISAM DEFAULT CHARSET=latin1;

--
-- Dumping data for table `cities`
--

INSERT INTO `cities` (`id`, `name`) VALUES
(4112, 'אבו גוש                  '),
(4113, 'אבו סנאן                 '),
(4114, 'אבו סריחאן )שבט(         '),
(4115, 'אבו עבדון )שבט(          '),
(4116, 'אבו עמאר )שבט(           '),
(4117, 'אבו עמרה )שבט(           '),
(4118, 'אבו קורינאת )שבט(        '),
(4119, 'אבו קרינאת )יישוב(       '),
(4120, 'אבו רובייעה )שבט(        '),
(4121, 'אבו רוקייק )שבט(         '),
(4122, 'אבו תלול                 '),
(4123, 'אבטין                    '),
(4124, 'אבטליון                  '),
(4125, 'אביאל                    '),
(4126, 'אביבים                   '),
(4127, 'אביגדור                  '),
(4128, 'אביחיל                   '),
(4129, 'אביטל                    '),
(4130, 'אביעזר                   '),
(4131, 'אבירים                   '),
(4132, 'אבן יהודה                '),
(4133, 'אבן מנחם                 '),
(4134, 'אבן ספיר                 '),
(4135, 'אבן שמואל                '),
(4136, 'אבני איתן                '),
(4137, 'אבני חפץ                 '),
(4138, 'אבנת                     '),
(4139, 'אבשלום                   '),
(4140, 'אדורה                    '),
(4141, 'אדירים                   '),
(4142, 'אדמית                    '),
(4143, 'אדרת                     '),
(4144, 'אודים                    '),
(4145, 'אודם                     '),
(4146, 'אוהד                     '),
(4147, 'אום אל-פחם               '),
(4148, 'אום אל-קוטוף             '),
(4149, 'אום בטין                 '),
(4150, 'אומן                     '),
(4151, 'אומץ                     '),
(4152, 'אופקים                   '),
(4153, 'אור הגנוז                '),
(4154, 'אור הנר                  '),
(4155, 'אור יהודה                '),
(4156, 'אור עקיבא                '),
(4157, 'אורה                     '),
(4158, 'אורות                    '),
(4159, 'אורטל                    '),
(4160, 'אורים                    '),
(4161, 'אורנים                   '),
(4162, 'אורנית                   '),
(4163, 'אושה                     '),
(4164, 'אזור                     '),
(4165, 'אחווה                    '),
(4166, 'אחוזם                    '),
(4167, 'אחוזת ברק                '),
(4168, 'אחיהוד                   '),
(4169, 'אחיטוב                   '),
(4170, 'אחיסמך                   '),
(4171, 'אחיעזר                   '),
(4172, 'אטרש )שבט(               '),
(4173, 'איבים                    '),
(4174, 'אייל                     '),
(4175, 'איילת השחר               '),
(4176, 'אילון                    '),
(4177, 'אילות                    '),
(4178, 'אילניה                   '),
(4179, 'אילת                     '),
(4180, 'אירוס                    '),
(4181, 'איתמר                    '),
(4182, 'איתן                     '),
(4183, 'איתנים                   '),
(4184, 'אכסאל                    '),
(4185, 'אל סייד                  '),
(4186, 'אל-עזי                   '),
(4187, 'אל-עריאן                 '),
(4188, 'אל-רום                   '),
(4189, 'אלומה                    '),
(4190, 'אלומות                   '),
(4191, 'אלון הגליל               '),
(4192, 'אלון מורה                '),
(4193, 'אלון שבות                '),
(4194, 'אלוני אבא                '),
(4195, 'אלוני הבשן               '),
(4196, 'אלוני יצחק               '),
(4197, 'אלונים                   '),
(4198, 'אלי-עד                   '),
(4199, 'אליאב                    '),
(4200, 'אליכין                   '),
(4201, 'אליפז                    '),
(4202, 'אליפלט                   '),
(4203, 'אליקים                   '),
(4204, 'אלישיב                   '),
(4205, 'אלישמע                   '),
(4206, 'אלמגור                   '),
(4207, 'אלמוג                    '),
(4208, 'אלעד                     '),
(4209, 'אלעזר                    '),
(4210, 'אלפי מנשה                '),
(4211, 'אלקוש                    '),
(4212, 'אלקנה                    '),
(4213, 'אמונים                   '),
(4214, 'אמירים                   '),
(4215, 'אמנון                    '),
(4216, 'אמציה                    '),
(4217, 'אניעם                    '),
(4218, 'אסד )שבט(                '),
(4219, 'אספר                     '),
(4220, 'אעבלין                   '),
(4221, 'אעצם )שבט(               '),
(4222, 'אפיניש )שבט(             '),
(4223, 'אפיק                     '),
(4224, 'אפיקים                   '),
(4225, 'אפק                      '),
(4226, 'אפרת                     '),
(4227, 'ארבל                     '),
(4228, 'ארגמן                    '),
(4229, 'ארז                      '),
(4230, 'אריאל                    '),
(4231, 'ארסוף                    '),
(4232, 'אשבול                    '),
(4233, 'אשבל                     '),
(4234, 'אשדוד                    '),
(4235, 'אשדות יעקב  )איחוד(      '),
(4236, 'אשדות יעקב  )מאוחד(      '),
(4237, 'אשחר                     '),
(4238, 'אשכולות                  '),
(4239, 'אשל הנשיא                '),
(4240, 'אשלים                    '),
(4241, 'אשקלון                   '),
(4242, 'אשרת                     '),
(4243, 'אשתאול                   '),
(4244, 'אתגר                     '),
(4245, 'באקה אל-גרביה            '),
(4246, 'באר אורה                 '),
(4247, 'באר גנים                 '),
(4248, 'באר טוביה                '),
(4249, 'באר יעקב                 '),
(4250, 'באר מילכה                '),
(4251, 'באר שבע                  '),
(4252, 'בארות יצחק               '),
(4253, 'בארותיים                 '),
(4254, 'בארי                     '),
(4255, 'בוסתן הגליל              '),
(4256, 'בוקעאתא                  '),
(4257, 'בורגתה                   '),
(4258, 'בחן                      '),
(4259, 'בטחה                     '),
(4260, 'ביצרון                   '),
(4261, 'ביר אל-מכסור             '),
(4262, 'ביריה                    '),
(4263, 'בית אורן                 '),
(4264, 'בית אל                   '),
(4265, 'בית אלעזרי               '),
(4266, 'בית אלפא                 '),
(4267, 'בית אריה                 '),
(4268, 'בית ברל                  '),
(4269, 'בית גוברין               '),
(4270, 'בית גמליאל               '),
(4271, 'בית דגן                  '),
(4272, 'בית הגדי                 '),
(4273, 'בית הלוי                 '),
(4274, 'בית הלל                  '),
(4275, 'בית העמק                 '),
(4276, 'בית הערבה                '),
(4277, 'בית השיטה                '),
(4278, 'בית זיד                  '),
(4279, 'בית זית                  '),
(4280, 'בית זרע                  '),
(4281, 'בית חורון                '),
(4282, 'בית חירות                '),
(4283, 'בית חלקיה                '),
(4284, 'בית חנן                  '),
(4285, 'בית חנניה                '),
(4286, 'בית חשמונאי              '),
(4287, 'בית יהושע                '),
(4288, 'בית יוסף                 '),
(4289, 'בית ינאי                 '),
(4290, 'בית יצחק-שער חפר         '),
(4291, 'בית לחם הגלילית          '),
(4292, 'בית מאיר                 '),
(4293, 'בית נחמיה                '),
(4294, 'בית ניר                  '),
(4295, 'בית נקופה                '),
(4296, 'בית עובד                 '),
(4297, 'בית עוזיאל               '),
(4298, 'בית עזרא                 '),
(4299, 'בית עריף                 '),
(4300, 'בית צבי                  '),
(4301, 'בית קמה                  '),
(4302, 'בית קשת                  '),
(4303, 'בית רבן                  '),
(4304, 'בית רימון                '),
(4305, 'בית שאן                  '),
(4306, 'בית שמש                  '),
(4307, 'בית שערים                '),
(4308, 'בית שקמה                 '),
(4309, 'ביתן אהרן                '),
(4310, 'ביתר עילית               '),
(4311, 'בלפוריה                  '),
(4312, 'בן זכאי                  '),
(4313, 'בן עמי                   '),
(4314, 'בן שמן )כפר נוער(        '),
(4315, 'בן שמן )מושב(            '),
(4316, 'בני ברק                  '),
(4317, 'בני דקלים                '),
(4318, 'בני דרום                 '),
(4319, 'בני דרור                 '),
(4320, 'בני יהודה                '),
(4321, 'בני נצרים                '),
(4322, 'בני עטרות                '),
(4323, 'בני עי"ש                 '),
(4324, 'בני ציון                 '),
(4325, 'בני ראם                  '),
(4326, 'בניה                     '),
(4327, 'בנימינה-גבעת עדה         '),
(4328, 'בסמת טבעון               '),
(4329, 'בענה                     '),
(4330, 'בצרה                     '),
(4331, 'בצת                      '),
(4332, 'בקוע                     '),
(4333, 'בקעות                    '),
(4334, 'בר גיורא                 '),
(4335, 'בר יוחאי                 '),
(4336, 'ברוכין                   '),
(4337, 'ברור חיל                 '),
(4338, 'ברוש                     '),
(4339, 'ברכה                     '),
(4340, 'ברכיה                    '),
(4341, 'ברעם                     '),
(4342, 'ברק                      '),
(4343, 'ברקאי                    '),
(4344, 'ברקן                     '),
(4345, 'ברקת                     '),
(4346, 'בת הדר                   '),
(4347, 'בת חן                    '),
(4348, 'בת חפר                   '),
(4349, 'בת חצור                  '),
(4350, 'בת ים                    '),
(4351, 'בת עין                   '),
(4352, 'בת שלמה                  '),
(4353, 'גדיידה-מכר              '),
(4354, 'גולס                    '),
(4355, 'גאולים                   '),
(4356, 'גאליה                    '),
(4357, 'גבולות                   '),
(4358, 'גבים                     '),
(4359, 'גבע                      '),
(4360, 'גבע בנימין               '),
(4361, 'גבע כרמל                 '),
(4362, 'גבעולים                  '),
(4363, 'גבעון החדשה              '),
(4364, 'גבעות בר                 '),
(4365, 'גבעת אבני                '),
(4366, 'גבעת אלה                 '),
(4367, 'גבעת ברנר                '),
(4368, 'גבעת השלושה              '),
(4369, 'גבעת זאב                 '),
(4370, 'גבעת ח"ן                 '),
(4371, 'גבעת חיים )איחוד(        '),
(4372, 'גבעת חיים )מאוחד(        '),
(4373, 'גבעת יואב                '),
(4374, 'גבעת יערים               '),
(4375, 'גבעת ישעיהו              '),
(4376, 'גבעת כ"ח                 '),
(4377, 'גבעת ניל"י               '),
(4378, 'גבעת עוז                 '),
(4379, 'גבעת שמואל               '),
(4380, 'גבעת שמש                 '),
(4381, 'גבעת שפירא               '),
(4382, 'גבעתי                    '),
(4383, 'גבעתיים                  '),
(4384, 'גברעם                    '),
(4385, 'גבת                      '),
(4386, 'גדות                     '),
(4387, 'גדיש                     '),
(4388, 'גדעונה                   '),
(4389, 'גדרה                     '),
(4390, 'גונן                     '),
(4391, 'גורן                     '),
(4392, 'גורנות הגליל             '),
(4393, 'גזית                     '),
(4394, 'גזר                      '),
(4395, 'גיאה                     '),
(4396, 'גיבתון                   '),
(4397, 'גיזו                     '),
(4398, 'גילון                    '),
(4399, 'גילת                     '),
(4400, 'גינוסר                   '),
(4401, 'גיניגר                   '),
(4402, 'גינתון                   '),
(4403, 'גיתה                     '),
(4404, 'גיתית                    '),
(4405, 'גלאון                    '),
(4406, 'גלגל                     '),
(4407, 'גליל ים                  '),
(4408, 'גלעד )אבן יצחק(          '),
(4409, 'גמזו                     '),
(4410, 'גן הדרום                 '),
(4411, 'גן השומרון               '),
(4412, 'גן חיים                  '),
(4413, 'גן יאשיה                 '),
(4414, 'גן יבנה                  '),
(4415, 'גן נר                    '),
(4416, 'גן שורק                  '),
(4417, 'גן שלמה                  '),
(4418, 'גן שמואל                 '),
(4419, 'גנות                     '),
(4420, 'גנות הדר                 '),
(4421, 'גני הדר                  '),
(4422, 'גני טל                   '),
(4423, 'גני יוחנן                '),
(4424, 'גני מודיעין              '),
(4425, 'גני עם                   '),
(4426, 'גני תקווה                '),
(4427, 'געש                      '),
(4428, 'געתון                    '),
(4429, 'גפן                      '),
(4430, 'גרופית                   '),
(4431, 'גשור                     '),
(4432, 'גשר                      '),
(4433, 'גשר הזיו                 '),
(4434, 'גת )קיבוץ(               '),
(4435, 'גת רימון                 '),
(4436, 'דאלית אל-כרמל            '),
(4437, 'דבורה                    '),
(4438, 'דבוריה                   '),
(4439, 'דבירה                    '),
(4440, 'דברת                     '),
(4441, 'דגניה'),
(4442, 'דוב"ב                    '),
(4443, 'דולב                     '),
(4444, 'דור                      '),
(4445, 'דורות                    '),
(4446, 'דחי                      '),
(4447, 'דייר אל-אסד              '),
(4448, 'דייר חנא                 '),
(4449, 'דייר ראפאת               '),
(4450, 'דימונה                   '),
(4451, 'דישון                    '),
(4452, 'דליה                     '),
(4453, 'דלתון                    '),
(4454, 'דמיידה                   '),
(4455, 'דן                       '),
(4456, 'דפנה                     '),
(4457, 'דקל                      '),
(4458, 'האון                     '),
(4459, 'הבונים                   '),
(4460, 'הגושרים                  '),
(4461, 'הדר עם                   '),
(4462, 'הוד השרון                '),
(4463, 'הודיה                    '),
(4464, 'הודיות                   '),
(4465, 'הוואשלה )שבט(            '),
(4466, 'הוזייל )שבט(             '),
(4467, 'הושעיה                   '),
(4468, 'הזורע                    '),
(4469, 'הזורעים                  '),
(4470, 'החותרים                  '),
(4471, 'היוגב                    '),
(4472, 'הילה                     '),
(4473, 'המעפיל                   '),
(4474, 'הסוללים                  '),
(4475, 'העוגן                    '),
(4476, 'הר אדר                   '),
(4477, 'הר גילה                  '),
(4478, 'הר עמשא                  '),
(4479, 'הראל                     '),
(4480, 'הרדוף                    '),
(4481, 'הרצליה                   '),
(4482, 'הררית                    '),
(4483, 'ורד יריחו                '),
(4484, 'ורדון                    '),
(4485, 'זבארגה )שבט(             '),
(4486, 'זבדיאל                   '),
(4487, 'זוהר                     '),
(4488, 'זיקים                    '),
(4489, 'זיתן                     '),
(4490, 'זכרון יעקב               '),
(4491, 'זכריה                    '),
(4492, 'זמר                      '),
(4493, 'זמרת                     '),
(4494, 'זנוח                     '),
(4495, 'זרועה                    '),
(4496, 'זרזיר                    '),
(4497, 'זרחיה                    '),
(4498, 'חבצלת השרון              '),
(4499, 'חבר                      '),
(4500, 'חברון                    '),
(4501, 'חגור                     '),
(4502, 'חגי                      '),
(4503, 'חגלה                     '),
(4504, 'חד-נס                    '),
(4505, 'חדיד                     '),
(4506, 'חדרה                     '),
(4507, 'חולדה                    '),
(4508, 'חולון                    '),
(4509, 'חולית                    '),
(4510, 'חולתה                    '),
(4511, 'חוסן                     '),
(4512, 'חוסנייה                  '),
(4513, 'חופית                    '),
(4514, 'חוקוק                    '),
(4515, 'חורה                     '),
(4516, 'חורפיש                   '),
(4517, 'חורשים                   '),
(4518, 'חזון                     '),
(4519, 'חיבת ציון                '),
(4520, 'חיננית                   '),
(4521, 'חיפה                     '),
(4522, 'חירות                    '),
(4523, 'חלוץ                     '),
(4524, 'חלמיש                    '),
(4525, 'חלץ                      '),
(4526, 'חמאם                     '),
(4527, 'חמד                      '),
(4528, 'חמדיה                    '),
(4529, 'חמדת                     '),
(4530, 'חמרה                     '),
(4531, 'חניאל                    '),
(4532, 'חניתה                    '),
(4533, 'חנתון                    '),
(4534, 'חספין                    '),
(4535, 'חפץ חיים                 '),
(4536, 'חפצי-בה                  '),
(4537, 'חצב                      '),
(4538, 'חצבה                     '),
(4539, 'חצור הגלילית             '),
(4540, 'חצור-אשדוד               '),
(4541, 'חצר בארותיים             '),
(4542, 'חצרות חולדה              '),
(4543, 'חצרות יסף                '),
(4544, 'חצרות כ"ח                '),
(4545, 'חצרים                    '),
(4546, 'חרב לאת                  '),
(4547, 'חרוצים                   '),
(4548, 'חריש                     '),
(4549, 'חרמש                     '),
(4550, 'חרשים                    '),
(4551, 'חשמונאים                 '),
(4552, 'טבריה                    '),
(4553, 'טובא-זנגריה              '),
(4554, 'טורעאן                   '),
(4555, 'טייבה                    '),
(4556, 'טייבה )בעמק(             '),
(4557, 'טירה                     '),
(4558, 'טירת יהודה               '),
(4559, 'טירת כרמל                '),
(4560, 'טירת צבי                 '),
(4561, 'טל שחר                   '),
(4562, 'טל-אל                    '),
(4563, 'טללים                    '),
(4564, 'טלמון                    '),
(4565, 'טמרה                     '),
(4566, 'טמרה )יזרעאל(            '),
(4567, 'טנא                      '),
(4568, 'טפחות                    '),
(4569, 'יבול                     '),
(4570, 'יבנאל                    '),
(4571, 'יבנה                     '),
(4572, 'יגור                     '),
(4573, 'יגל                      '),
(4574, 'יד בנימין                '),
(4575, 'יד השמונה                '),
(4576, 'יד חנה                   '),
(4577, 'יד מרדכי                 '),
(4578, 'יד נתן                   '),
(4579, 'יד רמב"ם                 '),
(4580, 'ידידה                    '),
(4581, 'יהוד-מונוסון             '),
(4582, 'יהל                      '),
(4583, 'יובל                     '),
(4584, 'יובלים                   '),
(4585, 'יודפת                    '),
(4586, 'יונתן                    '),
(4587, 'יושיביה                  '),
(4588, 'יזרעאל                   '),
(4589, 'יחיעם                    '),
(4590, 'יטבתה                    '),
(4591, 'ייט"ב                    '),
(4592, 'יכיני                    '),
(4593, 'ינוב                     '),
(4594, 'ינון                     '),
(4595, 'יסוד המעלה               '),
(4596, 'יסודות                   '),
(4597, 'יסעור                    '),
(4598, 'יעד                      '),
(4599, 'יעל                      '),
(4600, 'יעף                      '),
(4601, 'יערה                     '),
(4602, 'יפיע                     '),
(4603, 'יפית                     '),
(4604, 'יפעת                     '),
(4605, 'יפתח                     '),
(4606, 'יצהר                     '),
(4607, 'יציץ                     '),
(4608, 'יקום                     '),
(4609, 'יקיר                     '),
(4610, 'יקנעם )מושבה(            '),
(4611, 'יקנעם עילית              '),
(4612, 'יראון                    '),
(4613, 'ירדנה                    '),
(4614, 'ירוחם                    '),
(4615, 'ירושלים                  '),
(4616, 'ירחיב                    '),
(4617, 'ירכא                     '),
(4618, 'ירקונה                   '),
(4619, 'ישע                      '),
(4620, 'ישעי                     '),
(4621, 'ישרש                     '),
(4622, 'יתד                      '),
(4623, 'יתיר                     '),
(4624, 'כאבול                    '),
(4625, 'כברי                     '),
(4626, 'כדורי                    '),
(4627, 'כדיתה                    '),
(4628, 'כוכב השחר                '),
(4629, 'כוכב יאיר                '),
(4630, 'כוכב יעקב                '),
(4631, 'כוכב מיכאל               '),
(4632, 'כורזים                   '),
(4633, 'כחל                      '),
(4634, 'כחלה                     '),
(4635, 'כיסופים                  '),
(4636, 'כישור                    '),
(4637, 'כליל                     '),
(4638, 'כלנית                    '),
(4639, 'כמהין                    '),
(4640, 'כמון                     '),
(4641, 'כנות                     '),
(4642, 'כנף                      '),
(4643, 'כנרת )מושבה(             '),
(4644, 'כנרת )קבוצה(             '),
(4645, 'כסיפה                    '),
(4646, 'כסלון                    '),
(4647, 'כסרא-סמיע                '),
(4648, 'כפר אביב                 '),
(4649, 'כפר אדומים               '),
(4650, 'כפר אוריה                '),
(4651, 'כפר אחים                 '),
(4652, 'כפר ביאליק               '),
(4653, 'כפר ביל"ו                '),
(4654, 'כפר בלום                 '),
(4655, 'כפר בן נון               '),
(4656, 'כפר ברא                  '),
(4657, 'כפר ברוך                 '),
(4658, 'כפר גדעון                '),
(4659, 'כפר גלים                 '),
(4660, 'כפר גליקסון              '),
(4661, 'כפר גלעדי                '),
(4662, 'כפר דניאל                '),
(4663, 'כפר האורנים              '),
(4664, 'כפר החורש                '),
(4665, 'כפר המכבי                '),
(4666, 'כפר הנגיד                '),
(4667, 'כפר הנוער הדתי           '),
(4668, 'כפר הנשיא                '),
(4669, 'כפר הס                   '),
(4670, 'כפר הרא"ה                '),
(4671, 'כפר הרי"ף                '),
(4672, 'כפר ויתקין               '),
(4673, 'כפר ורבורג               '),
(4674, 'כפר ורדים                '),
(4675, 'כפר זוהרים               '),
(4676, 'כפר זיתים                '),
(4677, 'כפר חב"ד                 '),
(4678, 'כפר חושן                 '),
(4679, 'כפר חיטים                '),
(4680, 'כפר חיים                 '),
(4681, 'כפר חנניה                '),
(4682, 'כפר חסידים'),
(4683, 'כפר חרוב                 '),
(4684, 'כפר טרומן                '),
(4685, 'כפר יאסיף                '),
(4686, 'כפר ידידיה               '),
(4687, 'כפר יהושע                '),
(4688, 'כפר יונה                 '),
(4689, 'כפר יחזקאל               '),
(4690, 'כפר יעבץ                 '),
(4691, 'כפר כמא                  '),
(4692, 'כפר כנא                  '),
(4693, 'כפר מונש                 '),
(4694, 'כפר מימון                '),
(4695, 'כפר מל"ל                 '),
(4696, 'כפר מנדא                 '),
(4697, 'כפר מנחם                 '),
(4698, 'כפר מסריק                '),
(4699, 'כפר מצר                  '),
(4700, 'כפר מרדכי                '),
(4701, 'כפר נטר                  '),
(4702, 'כפר סאלד                 '),
(4703, 'כפר סבא                  '),
(4704, 'כפר סילבר                '),
(4705, 'כפר סירקין               '),
(4706, 'כפר עבודה                '),
(4707, 'כפר עזה                  '),
(4708, 'כפר עציון                '),
(4709, 'כפר פינס                 '),
(4710, 'כפר קאסם                 '),
(4711, 'כפר קיש                  '),
(4712, 'כפר קרע                  '),
(4713, 'כפר ראש הנקרה            '),
(4714, 'כפר רוזנואלד )זרעית(     '),
(4715, 'כפר רופין                '),
(4716, 'כפר רות                  '),
(4717, 'כפר שמאי                 '),
(4718, 'כפר שמואל                '),
(4719, 'כפר שמריהו               '),
(4720, 'כפר תבור                 '),
(4721, 'כפר תפוח                 '),
(4722, 'כרי דשא                  '),
(4723, 'כרכום                    '),
(4724, 'כרם בן זמרה              '),
(4725, 'כרם בן שמן               '),
(4726, 'כרם יבנה )ישיבה(         '),
(4727, 'כרם מהר"ל                '),
(4728, 'כרם שלום                 '),
(4729, 'כרמי יוסף                '),
(4730, 'כרמי צור                 '),
(4731, 'כרמי קטיף                '),
(4732, 'כרמיאל                   '),
(4733, 'כרמיה                    '),
(4734, 'כרמים                    '),
(4735, 'כרמל                     '),
(4736, 'לא רשום                  '),
(4737, 'לבון                     '),
(4738, 'לביא                     '),
(4739, 'לבנים                    '),
(4740, 'להב                      '),
(4741, 'להבות הבשן               '),
(4742, 'להבות חביבה              '),
(4743, 'להבים                    '),
(4744, 'לוד                      '),
(4745, 'לוזית                    '),
(4746, 'לוחמי הגיטאות            '),
(4747, 'לוטם                     '),
(4748, 'לוטן                     '),
(4749, 'לימן                     '),
(4750, 'לכיש                     '),
(4751, 'לפיד                     '),
(4752, 'לפידות                   '),
(4753, 'לקיה                     '),
(4754, 'מאור                     '),
(4755, 'מאיר שפיה                '),
(4756, 'מבוא ביתר                '),
(4757, 'מבוא דותן                '),
(4758, 'מבוא חורון               '),
(4759, 'מבוא חמה                 '),
(4760, 'מבוא מודיעים             '),
(4761, 'מבואות ים                '),
(4762, 'מבועים                   '),
(4763, 'מבטחים                   '),
(4764, 'מבקיעים                  '),
(4765, 'מבשרת ציון               '),
(4766, 'מגד אל-כרום             '),
(4767, 'מגדל שמס                '),
(4768, 'מגאר                     '),
(4769, 'מגדים                    '),
(4770, 'מגדל                     '),
(4771, 'מגדל העמק                '),
(4772, 'מגדל עוז                 '),
(4773, 'מגדלים                   '),
(4774, 'מגידו                    '),
(4775, 'מגל                      '),
(4776, 'מגן                      '),
(4777, 'מגן שאול                 '),
(4778, 'מגשימים                  '),
(4779, 'מדרך עוז                 '),
(4780, 'מדרשת בן גוריון          '),
(4781, 'מדרשת רופין              '),
(4782, 'מודיעין עילית            '),
(4783, 'מודיעין-מכבים-רעות       '),
(4784, 'מולדת                    '),
(4785, 'מוצא עילית               '),
(4786, 'מוקייבלה                 '),
(4787, 'מורן                     '),
(4788, 'מורשת                    '),
(4789, 'מזור                     '),
(4790, 'מזכרת בתיה               '),
(4791, 'מזרע                     '),
(4792, 'מזרעה                    '),
(4793, 'מחולה                    '),
(4794, 'מחנה הילה                '),
(4795, 'מחנה טלי                 '),
(4796, 'מחנה יהודית              '),
(4797, 'מחנה יוכבד               '),
(4798, 'מחנה יפה                 '),
(4799, 'מחנה יתיר                '),
(4800, 'מחנה מרים                '),
(4801, 'מחנה עדי                 '),
(4802, 'מחנה תל נוף              '),
(4803, 'מחניים                   '),
(4804, 'מחסיה                    '),
(4805, 'מטולה                    '),
(4806, 'מטע                      '),
(4807, 'מי עמי                   '),
(4808, 'מיטב                     '),
(4809, 'מייסר                    '),
(4810, 'מיצר                     '),
(4811, 'מירב                     '),
(4812, 'מירון                    '),
(4813, 'מישר                     '),
(4814, 'מיתר                     '),
(4815, 'מכורה                    '),
(4816, 'מכחול                    '),
(4817, 'מכמורת                   '),
(4818, 'מכמנים                   '),
(4819, 'מלאה                     '),
(4820, 'מלילות                   '),
(4821, 'מלכיה                    '),
(4822, 'מלכישוע                  '),
(4823, 'מנוחה                    '),
(4824, 'מנוף                     '),
(4825, 'מנות                     '),
(4826, 'מנחמיה                   '),
(4827, 'מנרה                     '),
(4828, 'מנשית זבדה               '),
(4829, 'מסד                      '),
(4830, 'מסדה                     '),
(4831, 'מסילות                   '),
(4832, 'מסילת ציון               '),
(4833, 'מסלול                    '),
(4834, 'מסעדה                    '),
(4835, 'מסעודין אל-עזאזמה        '),
(4836, 'מעברות                   '),
(4837, 'מעגלים                   '),
(4838, 'מעגן                     '),
(4839, 'מעגן מיכאל               '),
(4840, 'מעוז חיים                '),
(4841, 'מעון                     '),
(4842, 'מעונה                    '),
(4843, 'מעיליא                   '),
(4844, 'מעין ברוך                '),
(4845, 'מעין צבי                 '),
(4846, 'מעלה אדומים              '),
(4847, 'מעלה אפרים               '),
(4848, 'מעלה גלבוע               '),
(4849, 'מעלה גמלא                '),
(4850, 'מעלה החמישה              '),
(4851, 'מעלה לבונה               '),
(4852, 'מעלה מכמש                '),
(4853, 'מעלה עירון               '),
(4854, 'מעלה עמוס                '),
(4855, 'מעלה שומרון              '),
(4856, 'מעלות-תרשיחא             '),
(4857, 'מענית                    '),
(4858, 'מעש                      '),
(4859, 'מפלסים                   '),
(4860, 'מצדות יהודה              '),
(4861, 'מצובה                    '),
(4862, 'מצליח                    '),
(4863, 'מצפה                     '),
(4864, 'מצפה אבי"ב               '),
(4865, 'מצפה אילן                '),
(4866, 'מצפה יריחו               '),
(4867, 'מצפה נטופה               '),
(4868, 'מצפה רמון                '),
(4869, 'מצפה שלם                 '),
(4870, 'מצר                      '),
(4871, 'מקווה ישראל              '),
(4872, 'מרגליות                  '),
(4873, 'מרום גולן                '),
(4874, 'מרחב עם                  '),
(4875, 'מרחביה )מושב(            '),
(4876, 'מרחביה )קיבוץ(           '),
(4877, 'מרכז שפירא               '),
(4878, 'משאבי שדה                '),
(4879, 'משגב דב                  '),
(4880, 'משגב עם                  '),
(4881, 'משהד                     '),
(4882, 'משואה                    '),
(4883, 'משואות יצחק              '),
(4884, 'משכיות                   '),
(4885, 'משמר איילון              '),
(4886, 'משמר דוד                 '),
(4887, 'משמר הירדן               '),
(4888, 'משמר הנגב                '),
(4889, 'משמר העמק                '),
(4890, 'משמר השבעה               '),
(4891, 'משמר השרון               '),
(4892, 'משמרות                   '),
(4893, 'משמרת                    '),
(4894, 'משען                     '),
(4895, 'מתן                      '),
(4896, 'מתת                      '),
(4897, 'מתתיהו                   '),
(4898, 'נאות גולן                '),
(4899, 'נאות הכיכר               '),
(4900, 'נאות מרדכי               '),
(4901, 'נאות סמדר                '),
(4902, 'נאעורה                   '),
(4903, 'נבטים                    '),
(4904, 'נגבה                     '),
(4905, 'נגוהות                   '),
(4906, 'נהורה                    '),
(4907, 'נהלל                     '),
(4908, 'נהריה                    '),
(4909, 'נוב                      '),
(4910, 'נוגה                     '),
(4911, 'נווה                     '),
(4912, 'נווה אבות                '),
(4913, 'נווה אור                 '),
(4914, 'נווה אטי"ב               '),
(4915, 'נווה אילן                '),
(4916, 'נווה איתן                '),
(4917, 'נווה דניאל               '),
(4918, 'נווה זוהר                '),
(4919, 'נווה זיו                 '),
(4920, 'נווה חריף                '),
(4921, 'נווה ים                  '),
(4922, 'נווה ימין                '),
(4923, 'נווה ירק                 '),
(4924, 'נווה מבטח                '),
(4925, 'נווה מיכאל               '),
(4926, 'נווה שלום                '),
(4927, 'נועם                     '),
(4928, 'נוף איילון               '),
(4929, 'נופים                    '),
(4930, 'נופית                    '),
(4931, 'נופך                     '),
(4932, 'נוקדים                   '),
(4933, 'נורדיה                   '),
(4934, 'נורית                    '),
(4935, 'נחושה                    '),
(4936, 'נחל עוז                  '),
(4937, 'נחלה                     '),
(4938, 'נחליאל                   '),
(4939, 'נחלים                    '),
(4940, 'נחם                      '),
(4941, 'נחף                      '),
(4942, 'נחשולים                  '),
(4943, 'נחשון                    '),
(4944, 'נחשונים                  '),
(4945, 'נטועה                    '),
(4946, 'נטור                     '),
(4947, 'נטע                      '),
(4948, 'נטעים                    '),
(4949, 'נטף                      '),
(4950, 'ניין                     '),
(4951, 'ניל"י                    '),
(4952, 'ניצן                     '),
(4953, 'ניצנה )קהילת חינוך(      '),
(4954, 'ניצני סיני               '),
(4955, 'ניצני עוז                '),
(4956, 'ניצנים                   '),
(4957, 'ניר אליהו                '),
(4958, 'ניר בנים                 '),
(4959, 'ניר גלים                 '),
(4960, 'ניר דוד )תל עמל(         '),
(4961, 'ניר ח"ן                  '),
(4962, 'ניר יפה                  '),
(4963, 'ניר יצחק                 '),
(4964, 'ניר ישראל                '),
(4965, 'ניר משה                  '),
(4966, 'ניר עוז                  '),
(4967, 'ניר עם                   '),
(4968, 'ניר עציון                '),
(4969, 'ניר עקיבא                '),
(4970, 'ניר צבי                  '),
(4971, 'נירים                    '),
(4972, 'נירית                    '),
(4973, 'נירן                     '),
(4974, 'נמרוד                    '),
(4975, 'נס הרים                  '),
(4976, 'נס עמים                  '),
(4977, 'נס ציונה                 '),
(4978, 'נעורים                   '),
(4979, 'נעלה                     '),
(4980, 'נעמ"ה                    '),
(4981, 'נען                      '),
(4982, 'נצר חזני                 '),
(4983, 'נצר סרני                 '),
(4984, 'נצרת                     '),
(4985, 'נצרת עילית               '),
(4986, 'נשר                      '),
(4987, 'נתיב הגדוד               '),
(4988, 'נתיב הל"ה                '),
(4989, 'נתיב העשרה               '),
(4990, 'נתיב השיירה              '),
(4991, 'נתיבות                   '),
(4992, 'נתניה                    '),
(4993, 'עכו'),
(4994, 'תל אביב'),
(4995, 'פתח תקווה');

-- --------------------------------------------------------

--
-- Table structure for table `contact_form_submitions`
--

CREATE TABLE `contact_form_submitions` (
  `id` int(11) NOT NULL,
  `contact` text CHARACTER SET utf32 COLLATE utf32_esperanto_ci NOT NULL,
  `name` text CHARACTER SET utf8 NOT NULL,
  `message` text CHARACTER SET utf8 NOT NULL,
  `date` timestamp NOT NULL DEFAULT CURRENT_TIMESTAMP
) ENGINE=MyISAM DEFAULT CHARSET=latin1;

--
-- Dumping data for table `contact_form_submitions`
--

INSERT INTO `contact_form_submitions` (`id`, `contact`, `name`, `message`, `date`) VALUES
(1, '0586194321', 'יעקב שטרית', 'הודעת בדיקה!!!\r\nביי', '2018-08-08 16:28:27');

-- --------------------------------------------------------

--
-- Table structure for table `emojis`
--

CREATE TABLE `emojis` (
  `id` int(11) NOT NULL,
  `file` text NOT NULL,
  `name` text NOT NULL,
  `x` int(11) NOT NULL,
  `y` int(11) NOT NULL,
  `background_size` text NOT NULL
) ENGINE=MyISAM DEFAULT CHARSET=latin1;

--
-- Dumping data for table `emojis`
--

INSERT INTO `emojis` (`id`, `file`, `name`, `x`, `y`, `background_size`) VALUES
(4707, 'img/emojis/emoji_spritesheet_0.png', ':smile:', 0, 0, '675px 175px'),
(4708, 'img/emojis/emoji_spritesheet_0.png', ':smiley:', -25, 0, '675px 175px'),
(4709, 'img/emojis/emoji_spritesheet_0.png', ':grinning:', -50, 0, '675px 175px'),
(4710, 'img/emojis/emoji_spritesheet_0.png', ':blush:', -75, 0, '675px 175px'),
(4711, 'img/emojis/emoji_spritesheet_0.png', ':relaxed:', -100, 0, '675px 175px'),
(4712, 'img/emojis/emoji_spritesheet_0.png', ':wink:', -125, 0, '675px 175px'),
(4713, 'img/emojis/emoji_spritesheet_0.png', ':heart_eyes:', -150, 0, '675px 175px'),
(4714, 'img/emojis/emoji_spritesheet_0.png', ':kissing_heart:', -175, 0, '675px 175px'),
(4715, 'img/emojis/emoji_spritesheet_0.png', ':kissing_closed_eyes:', -200, 0, '675px 175px'),
(4716, 'img/emojis/emoji_spritesheet_0.png', ':kissing:', -225, 0, '675px 175px'),
(4717, 'img/emojis/emoji_spritesheet_0.png', ':kissing_smiling_eyes:', -250, 0, '675px 175px'),
(4718, 'img/emojis/emoji_spritesheet_0.png', ':stuck_out_tongue_winking_eye:', -275, 0, '675px 175px'),
(4719, 'img/emojis/emoji_spritesheet_0.png', ':stuck_out_tongue_closed_eyes:', -300, 0, '675px 175px'),
(4720, 'img/emojis/emoji_spritesheet_0.png', ':stuck_out_tongue:', -325, 0, '675px 175px'),
(4721, 'img/emojis/emoji_spritesheet_0.png', ':flushed:', -350, 0, '675px 175px'),
(4722, 'img/emojis/emoji_spritesheet_0.png', ':grin:', -375, 0, '675px 175px'),
(4723, 'img/emojis/emoji_spritesheet_0.png', ':pensive:', -400, 0, '675px 175px'),
(4724, 'img/emojis/emoji_spritesheet_0.png', ':relieved:', -425, 0, '675px 175px'),
(4725, 'img/emojis/emoji_spritesheet_0.png', ':unamused:', -450, 0, '675px 175px'),
(4726, 'img/emojis/emoji_spritesheet_0.png', ':disappointed:', -475, 0, '675px 175px'),
(4727, 'img/emojis/emoji_spritesheet_0.png', ':persevere:', -500, 0, '675px 175px'),
(4728, 'img/emojis/emoji_spritesheet_0.png', ':cry:', -525, 0, '675px 175px'),
(4729, 'img/emojis/emoji_spritesheet_0.png', ':joy:', -550, 0, '675px 175px'),
(4730, 'img/emojis/emoji_spritesheet_0.png', ':sob:', -575, 0, '675px 175px'),
(4731, 'img/emojis/emoji_spritesheet_0.png', ':sleepy:', -600, 0, '675px 175px'),
(4732, 'img/emojis/emoji_spritesheet_0.png', ':disappointed_relieved:', -625, 0, '675px 175px'),
(4733, 'img/emojis/emoji_spritesheet_0.png', ':cold_sweat:', -650, 0, '675px 175px'),
(4734, 'img/emojis/emoji_spritesheet_0.png', ':sweat_smile:', 0, -25, '675px 175px'),
(4735, 'img/emojis/emoji_spritesheet_0.png', ':sweat:', -25, -25, '675px 175px'),
(4736, 'img/emojis/emoji_spritesheet_0.png', ':weary:', -50, -25, '675px 175px'),
(4737, 'img/emojis/emoji_spritesheet_0.png', ':tired_face:', -75, -25, '675px 175px'),
(4738, 'img/emojis/emoji_spritesheet_0.png', ':fearful:', -100, -25, '675px 175px'),
(4739, 'img/emojis/emoji_spritesheet_0.png', ':scream:', -125, -25, '675px 175px'),
(4740, 'img/emojis/emoji_spritesheet_0.png', ':angry:', -150, -25, '675px 175px'),
(4741, 'img/emojis/emoji_spritesheet_0.png', ':rage:', -175, -25, '675px 175px'),
(4742, 'img/emojis/emoji_spritesheet_0.png', ':triumph:', -200, -25, '675px 175px'),
(4743, 'img/emojis/emoji_spritesheet_0.png', ':confounded:', -225, -25, '675px 175px'),
(4744, 'img/emojis/emoji_spritesheet_0.png', ':satisfied:', -250, -25, '675px 175px'),
(4745, 'img/emojis/emoji_spritesheet_0.png', ':yum:', -275, -25, '675px 175px'),
(4746, 'img/emojis/emoji_spritesheet_0.png', ':mask:', -300, -25, '675px 175px'),
(4747, 'img/emojis/emoji_spritesheet_0.png', ':sunglasses:', -325, -25, '675px 175px'),
(4748, 'img/emojis/emoji_spritesheet_0.png', ':sleeping:', -350, -25, '675px 175px'),
(4749, 'img/emojis/emoji_spritesheet_0.png', ':dizzy_face:', -375, -25, '675px 175px'),
(4750, 'img/emojis/emoji_spritesheet_0.png', ':astonished:', -400, -25, '675px 175px'),
(4751, 'img/emojis/emoji_spritesheet_0.png', ':worried:', -425, -25, '675px 175px'),
(4752, 'img/emojis/emoji_spritesheet_0.png', ':frowning:', -450, -25, '675px 175px'),
(4753, 'img/emojis/emoji_spritesheet_0.png', ':anguished:', -475, -25, '675px 175px'),
(4754, 'img/emojis/emoji_spritesheet_0.png', ':smiling_imp:', -500, -25, '675px 175px'),
(4755, 'img/emojis/emoji_spritesheet_0.png', ':imp:', -525, -25, '675px 175px'),
(4756, 'img/emojis/emoji_spritesheet_0.png', ':open_mouth:', -550, -25, '675px 175px'),
(4757, 'img/emojis/emoji_spritesheet_0.png', ':grimacing:', -575, -25, '675px 175px'),
(4758, 'img/emojis/emoji_spritesheet_0.png', ':neutral_face:', -600, -25, '675px 175px'),
(4759, 'img/emojis/emoji_spritesheet_0.png', ':confused:', -625, -25, '675px 175px'),
(4760, 'img/emojis/emoji_spritesheet_0.png', ':hushed:', -650, -25, '675px 175px'),
(4761, 'img/emojis/emoji_spritesheet_0.png', ':no_mouth:', 0, -50, '675px 175px'),
(4762, 'img/emojis/emoji_spritesheet_0.png', ':innocent:', -25, -50, '675px 175px'),
(4763, 'img/emojis/emoji_spritesheet_0.png', ':smirk:', -50, -50, '675px 175px'),
(4764, 'img/emojis/emoji_spritesheet_0.png', ':expressionless:', -75, -50, '675px 175px'),
(4765, 'img/emojis/emoji_spritesheet_0.png', ':man_with_gua_pi_mao:', -100, -50, '675px 175px'),
(4766, 'img/emojis/emoji_spritesheet_0.png', ':man_with_turban:', -125, -50, '675px 175px'),
(4767, 'img/emojis/emoji_spritesheet_0.png', ':cop:', -150, -50, '675px 175px'),
(4768, 'img/emojis/emoji_spritesheet_0.png', ':construction_worker:', -175, -50, '675px 175px'),
(4769, 'img/emojis/emoji_spritesheet_0.png', ':guardsman:', -200, -50, '675px 175px'),
(4770, 'img/emojis/emoji_spritesheet_0.png', ':baby:', -225, -50, '675px 175px'),
(4771, 'img/emojis/emoji_spritesheet_0.png', ':boy:', -250, -50, '675px 175px'),
(4772, 'img/emojis/emoji_spritesheet_0.png', ':girl:', -275, -50, '675px 175px'),
(4773, 'img/emojis/emoji_spritesheet_0.png', ':man:', -300, -50, '675px 175px'),
(4774, 'img/emojis/emoji_spritesheet_0.png', ':woman:', -325, -50, '675px 175px'),
(4775, 'img/emojis/emoji_spritesheet_0.png', ':older_man:', -350, -50, '675px 175px'),
(4776, 'img/emojis/emoji_spritesheet_0.png', ':older_woman:', -375, -50, '675px 175px'),
(4777, 'img/emojis/emoji_spritesheet_0.png', ':person_with_blond_hair:', -400, -50, '675px 175px'),
(4778, 'img/emojis/emoji_spritesheet_0.png', ':angel:', -425, -50, '675px 175px'),
(4779, 'img/emojis/emoji_spritesheet_0.png', ':princess:', -450, -50, '675px 175px'),
(4780, 'img/emojis/emoji_spritesheet_0.png', ':smiley_cat:', -475, -50, '675px 175px'),
(4781, 'img/emojis/emoji_spritesheet_0.png', ':smile_cat:', -500, -50, '675px 175px'),
(4782, 'img/emojis/emoji_spritesheet_0.png', ':heart_eyes_cat:', -525, -50, '675px 175px'),
(4783, 'img/emojis/emoji_spritesheet_0.png', ':kissing_cat:', -550, -50, '675px 175px'),
(4784, 'img/emojis/emoji_spritesheet_0.png', ':smirk_cat:', -575, -50, '675px 175px'),
(4785, 'img/emojis/emoji_spritesheet_0.png', ':scream_cat:', -600, -50, '675px 175px'),
(4786, 'img/emojis/emoji_spritesheet_0.png', ':crying_cat_face:', -625, -50, '675px 175px'),
(4787, 'img/emojis/emoji_spritesheet_0.png', ':joy_cat:', -650, -50, '675px 175px'),
(4788, 'img/emojis/emoji_spritesheet_0.png', ':pouting_cat:', 0, -75, '675px 175px'),
(4789, 'img/emojis/emoji_spritesheet_0.png', ':japanese_ogre:', -25, -75, '675px 175px'),
(4790, 'img/emojis/emoji_spritesheet_0.png', ':japanese_goblin:', -50, -75, '675px 175px'),
(4791, 'img/emojis/emoji_spritesheet_0.png', ':see_no_evil:', -75, -75, '675px 175px'),
(4792, 'img/emojis/emoji_spritesheet_0.png', ':hear_no_evil:', -100, -75, '675px 175px'),
(4793, 'img/emojis/emoji_spritesheet_0.png', ':speak_no_evil:', -125, -75, '675px 175px'),
(4794, 'img/emojis/emoji_spritesheet_0.png', ':skull:', -150, -75, '675px 175px'),
(4795, 'img/emojis/emoji_spritesheet_0.png', ':alien:', -175, -75, '675px 175px'),
(4796, 'img/emojis/emoji_spritesheet_0.png', ':hankey:', -200, -75, '675px 175px'),
(4797, 'img/emojis/emoji_spritesheet_0.png', ':fire:', -225, -75, '675px 175px'),
(4798, 'img/emojis/emoji_spritesheet_0.png', ':sparkles:', -250, -75, '675px 175px'),
(4799, 'img/emojis/emoji_spritesheet_0.png', ':star2:', -275, -75, '675px 175px'),
(4800, 'img/emojis/emoji_spritesheet_0.png', ':dizzy:', -300, -75, '675px 175px'),
(4801, 'img/emojis/emoji_spritesheet_0.png', ':boom:', -325, -75, '675px 175px'),
(4802, 'img/emojis/emoji_spritesheet_0.png', ':anger:', -350, -75, '675px 175px'),
(4803, 'img/emojis/emoji_spritesheet_0.png', ':sweat_drops:', -375, -75, '675px 175px'),
(4804, 'img/emojis/emoji_spritesheet_0.png', ':droplet:', -400, -75, '675px 175px'),
(4805, 'img/emojis/emoji_spritesheet_0.png', ':zzz:', -425, -75, '675px 175px'),
(4806, 'img/emojis/emoji_spritesheet_0.png', ':dash:', -450, -75, '675px 175px'),
(4807, 'img/emojis/emoji_spritesheet_0.png', ':ear:', -475, -75, '675px 175px'),
(4808, 'img/emojis/emoji_spritesheet_0.png', ':eyes:', -500, -75, '675px 175px'),
(4809, 'img/emojis/emoji_spritesheet_0.png', ':nose:', -525, -75, '675px 175px'),
(4810, 'img/emojis/emoji_spritesheet_0.png', ':tongue:', -550, -75, '675px 175px'),
(4811, 'img/emojis/emoji_spritesheet_0.png', ':lips:', -575, -75, '675px 175px'),
(4812, 'img/emojis/emoji_spritesheet_0.png', ':+1:', -600, -75, '675px 175px'),
(4813, 'img/emojis/emoji_spritesheet_0.png', ':-1:', -625, -75, '675px 175px'),
(4814, 'img/emojis/emoji_spritesheet_0.png', ':ok_hand:', -650, -75, '675px 175px'),
(4815, 'img/emojis/emoji_spritesheet_0.png', ':facepunch:', 0, -100, '675px 175px'),
(4816, 'img/emojis/emoji_spritesheet_0.png', ':fist:', -25, -100, '675px 175px'),
(4817, 'img/emojis/emoji_spritesheet_0.png', ':v:', -50, -100, '675px 175px'),
(4818, 'img/emojis/emoji_spritesheet_0.png', ':wave:', -75, -100, '675px 175px'),
(4819, 'img/emojis/emoji_spritesheet_0.png', ':hand:', -100, -100, '675px 175px'),
(4820, 'img/emojis/emoji_spritesheet_0.png', ':open_hands:', -125, -100, '675px 175px'),
(4821, 'img/emojis/emoji_spritesheet_0.png', ':point_up_2:', -150, -100, '675px 175px'),
(4822, 'img/emojis/emoji_spritesheet_0.png', ':point_down:', -175, -100, '675px 175px'),
(4823, 'img/emojis/emoji_spritesheet_0.png', ':point_right:', -200, -100, '675px 175px'),
(4824, 'img/emojis/emoji_spritesheet_0.png', ':point_left:', -225, -100, '675px 175px'),
(4825, 'img/emojis/emoji_spritesheet_0.png', ':raised_hands:', -250, -100, '675px 175px'),
(4826, 'img/emojis/emoji_spritesheet_0.png', ':pray:', -275, -100, '675px 175px'),
(4827, 'img/emojis/emoji_spritesheet_0.png', ':point_up:', -300, -100, '675px 175px'),
(4828, 'img/emojis/emoji_spritesheet_0.png', ':clap:', -325, -100, '675px 175px'),
(4829, 'img/emojis/emoji_spritesheet_0.png', ':muscle:', -350, -100, '675px 175px'),
(4830, 'img/emojis/emoji_spritesheet_0.png', ':walking:', -375, -100, '675px 175px'),
(4831, 'img/emojis/emoji_spritesheet_0.png', ':runner:', -400, -100, '675px 175px'),
(4832, 'img/emojis/emoji_spritesheet_0.png', ':dancer:', -425, -100, '675px 175px'),
(4833, 'img/emojis/emoji_spritesheet_0.png', ':couple:', -450, -100, '675px 175px'),
(4834, 'img/emojis/emoji_spritesheet_0.png', ':family:', -475, -100, '675px 175px'),
(4835, 'img/emojis/emoji_spritesheet_0.png', ':two_men_holding_hands:', -500, -100, '675px 175px'),
(4836, 'img/emojis/emoji_spritesheet_0.png', ':two_women_holding_hands:', -525, -100, '675px 175px'),
(4837, 'img/emojis/emoji_spritesheet_0.png', ':couplekiss:', -550, -100, '675px 175px'),
(4838, 'img/emojis/emoji_spritesheet_0.png', ':couple_with_heart:', -575, -100, '675px 175px'),
(4839, 'img/emojis/emoji_spritesheet_0.png', ':dancers:', -600, -100, '675px 175px'),
(4840, 'img/emojis/emoji_spritesheet_0.png', ':ok_woman:', -625, -100, '675px 175px'),
(4841, 'img/emojis/emoji_spritesheet_0.png', ':no_good:', -650, -100, '675px 175px'),
(4842, 'img/emojis/emoji_spritesheet_0.png', ':information_desk_person:', 0, -125, '675px 175px'),
(4843, 'img/emojis/emoji_spritesheet_0.png', ':raising_hand:', -25, -125, '675px 175px'),
(4844, 'img/emojis/emoji_spritesheet_0.png', ':massage:', -50, -125, '675px 175px'),
(4845, 'img/emojis/emoji_spritesheet_0.png', ':haircut:', -75, -125, '675px 175px'),
(4846, 'img/emojis/emoji_spritesheet_0.png', ':nail_care:', -100, -125, '675px 175px'),
(4847, 'img/emojis/emoji_spritesheet_0.png', ':bride_with_veil:', -125, -125, '675px 175px'),
(4848, 'img/emojis/emoji_spritesheet_0.png', ':person_with_pouting_face:', -150, -125, '675px 175px'),
(4849, 'img/emojis/emoji_spritesheet_0.png', ':person_frowning:', -175, -125, '675px 175px'),
(4850, 'img/emojis/emoji_spritesheet_0.png', ':bow:', -200, -125, '675px 175px'),
(4851, 'img/emojis/emoji_spritesheet_0.png', ':tophat:', -225, -125, '675px 175px'),
(4852, 'img/emojis/emoji_spritesheet_0.png', ':crown:', -250, -125, '675px 175px'),
(4853, 'img/emojis/emoji_spritesheet_0.png', ':womans_hat:', -275, -125, '675px 175px'),
(4854, 'img/emojis/emoji_spritesheet_0.png', ':athletic_shoe:', -300, -125, '675px 175px'),
(4855, 'img/emojis/emoji_spritesheet_0.png', ':mans_shoe:', -325, -125, '675px 175px'),
(4856, 'img/emojis/emoji_spritesheet_0.png', ':sandal:', -350, -125, '675px 175px'),
(4857, 'img/emojis/emoji_spritesheet_0.png', ':high_heel:', -375, -125, '675px 175px'),
(4858, 'img/emojis/emoji_spritesheet_0.png', ':boot:', -400, -125, '675px 175px'),
(4859, 'img/emojis/emoji_spritesheet_0.png', ':shirt:', -425, -125, '675px 175px'),
(4860, 'img/emojis/emoji_spritesheet_0.png', ':necktie:', -450, -125, '675px 175px'),
(4861, 'img/emojis/emoji_spritesheet_0.png', ':womans_clothes:', -475, -125, '675px 175px'),
(4862, 'img/emojis/emoji_spritesheet_0.png', ':dress:', -500, -125, '675px 175px'),
(4863, 'img/emojis/emoji_spritesheet_0.png', ':running_shirt_with_sash:', -525, -125, '675px 175px'),
(4864, 'img/emojis/emoji_spritesheet_0.png', ':jeans:', -550, -125, '675px 175px'),
(4865, 'img/emojis/emoji_spritesheet_0.png', ':kimono:', -575, -125, '675px 175px'),
(4866, 'img/emojis/emoji_spritesheet_0.png', ':bikini:', -600, -125, '675px 175px'),
(4867, 'img/emojis/emoji_spritesheet_0.png', ':briefcase:', -625, -125, '675px 175px'),
(4868, 'img/emojis/emoji_spritesheet_0.png', ':handbag:', -650, -125, '675px 175px'),
(4869, 'img/emojis/emoji_spritesheet_0.png', ':pouch:', 0, -150, '675px 175px'),
(4870, 'img/emojis/emoji_spritesheet_0.png', ':purse:', -25, -150, '675px 175px'),
(4871, 'img/emojis/emoji_spritesheet_0.png', ':eyeglasses:', -50, -150, '675px 175px'),
(4872, 'img/emojis/emoji_spritesheet_0.png', ':ribbon:', -75, -150, '675px 175px'),
(4873, 'img/emojis/emoji_spritesheet_0.png', ':closed_umbrella:', -100, -150, '675px 175px'),
(4874, 'img/emojis/emoji_spritesheet_0.png', ':lipstick:', -125, -150, '675px 175px'),
(4875, 'img/emojis/emoji_spritesheet_0.png', ':yellow_heart:', -150, -150, '675px 175px'),
(4876, 'img/emojis/emoji_spritesheet_0.png', ':blue_heart:', -175, -150, '675px 175px'),
(4877, 'img/emojis/emoji_spritesheet_0.png', ':purple_heart:', -200, -150, '675px 175px'),
(4878, 'img/emojis/emoji_spritesheet_0.png', ':green_heart:', -225, -150, '675px 175px'),
(4879, 'img/emojis/emoji_spritesheet_0.png', ':heart:', -250, -150, '675px 175px'),
(4880, 'img/emojis/emoji_spritesheet_0.png', ':broken_heart:', -275, -150, '675px 175px'),
(4881, 'img/emojis/emoji_spritesheet_0.png', ':heartpulse:', -300, -150, '675px 175px'),
(4882, 'img/emojis/emoji_spritesheet_0.png', ':heartbeat:', -325, -150, '675px 175px'),
(4883, 'img/emojis/emoji_spritesheet_0.png', ':two_hearts:', -350, -150, '675px 175px'),
(4884, 'img/emojis/emoji_spritesheet_0.png', ':sparkling_heart:', -375, -150, '675px 175px'),
(4885, 'img/emojis/emoji_spritesheet_0.png', ':revolving_hearts:', -400, -150, '675px 175px'),
(4886, 'img/emojis/emoji_spritesheet_0.png', ':cupid:', -425, -150, '675px 175px'),
(4887, 'img/emojis/emoji_spritesheet_0.png', ':love_letter:', -450, -150, '675px 175px'),
(4888, 'img/emojis/emoji_spritesheet_0.png', ':kiss:', -475, -150, '675px 175px'),
(4889, 'img/emojis/emoji_spritesheet_0.png', ':ring:', -500, -150, '675px 175px'),
(4890, 'img/emojis/emoji_spritesheet_0.png', ':gem:', -525, -150, '675px 175px'),
(4891, 'img/emojis/emoji_spritesheet_0.png', ':bust_in_silhouette:', -550, -150, '675px 175px'),
(4892, 'img/emojis/emoji_spritesheet_0.png', ':busts_in_silhouette:', -575, -150, '675px 175px'),
(4893, 'img/emojis/emoji_spritesheet_0.png', ':speech_balloon:', -600, -150, '675px 175px'),
(4894, 'img/emojis/emoji_spritesheet_0.png', ':footprints:', -625, -150, '675px 175px'),
(4895, 'img/emojis/emoji_spritesheet_0.png', ':thought_balloon:', -650, -150, '675px 175px'),
(4896, 'img/emojis/emoji_spritesheet_1.png', ':dog:', 0, 0, '725px 100px'),
(4897, 'img/emojis/emoji_spritesheet_1.png', ':wolf:', -25, 0, '725px 100px'),
(4898, 'img/emojis/emoji_spritesheet_1.png', ':cat:', -50, 0, '725px 100px'),
(4899, 'img/emojis/emoji_spritesheet_1.png', ':mouse:', -75, 0, '725px 100px'),
(4900, 'img/emojis/emoji_spritesheet_1.png', ':hamster:', -100, 0, '725px 100px'),
(4901, 'img/emojis/emoji_spritesheet_1.png', ':rabbit:', -125, 0, '725px 100px'),
(4902, 'img/emojis/emoji_spritesheet_1.png', ':frog:', -150, 0, '725px 100px'),
(4903, 'img/emojis/emoji_spritesheet_1.png', ':tiger:', -175, 0, '725px 100px'),
(4904, 'img/emojis/emoji_spritesheet_1.png', ':koala:', -200, 0, '725px 100px'),
(4905, 'img/emojis/emoji_spritesheet_1.png', ':bear:', -225, 0, '725px 100px'),
(4906, 'img/emojis/emoji_spritesheet_1.png', ':pig:', -250, 0, '725px 100px'),
(4907, 'img/emojis/emoji_spritesheet_1.png', ':pig_nose:', -275, 0, '725px 100px'),
(4908, 'img/emojis/emoji_spritesheet_1.png', ':cow:', -300, 0, '725px 100px'),
(4909, 'img/emojis/emoji_spritesheet_1.png', ':boar:', -325, 0, '725px 100px'),
(4910, 'img/emojis/emoji_spritesheet_1.png', ':monkey_face:', -350, 0, '725px 100px'),
(4911, 'img/emojis/emoji_spritesheet_1.png', ':monkey:', -375, 0, '725px 100px'),
(4912, 'img/emojis/emoji_spritesheet_1.png', ':horse:', -400, 0, '725px 100px'),
(4913, 'img/emojis/emoji_spritesheet_1.png', ':sheep:', -425, 0, '725px 100px'),
(4914, 'img/emojis/emoji_spritesheet_1.png', ':elephant:', -450, 0, '725px 100px'),
(4915, 'img/emojis/emoji_spritesheet_1.png', ':panda_face:', -475, 0, '725px 100px'),
(4916, 'img/emojis/emoji_spritesheet_1.png', ':penguin:', -500, 0, '725px 100px'),
(4917, 'img/emojis/emoji_spritesheet_1.png', ':bird:', -525, 0, '725px 100px'),
(4918, 'img/emojis/emoji_spritesheet_1.png', ':baby_chick:', -550, 0, '725px 100px'),
(4919, 'img/emojis/emoji_spritesheet_1.png', ':hatched_chick:', -575, 0, '725px 100px'),
(4920, 'img/emojis/emoji_spritesheet_1.png', ':hatching_chick:', -600, 0, '725px 100px'),
(4921, 'img/emojis/emoji_spritesheet_1.png', ':chicken:', -625, 0, '725px 100px'),
(4922, 'img/emojis/emoji_spritesheet_1.png', ':snake:', -650, 0, '725px 100px'),
(4923, 'img/emojis/emoji_spritesheet_1.png', ':turtle:', -675, 0, '725px 100px'),
(4924, 'img/emojis/emoji_spritesheet_1.png', ':bug:', -700, 0, '725px 100px'),
(4925, 'img/emojis/emoji_spritesheet_1.png', ':bee:', 0, -25, '725px 100px'),
(4926, 'img/emojis/emoji_spritesheet_1.png', ':ant:', -25, -25, '725px 100px'),
(4927, 'img/emojis/emoji_spritesheet_1.png', ':beetle:', -50, -25, '725px 100px'),
(4928, 'img/emojis/emoji_spritesheet_1.png', ':snail:', -75, -25, '725px 100px'),
(4929, 'img/emojis/emoji_spritesheet_1.png', ':octopus:', -100, -25, '725px 100px'),
(4930, 'img/emojis/emoji_spritesheet_1.png', ':shell:', -125, -25, '725px 100px'),
(4931, 'img/emojis/emoji_spritesheet_1.png', ':tropical_fish:', -150, -25, '725px 100px'),
(4932, 'img/emojis/emoji_spritesheet_1.png', ':fish:', -175, -25, '725px 100px'),
(4933, 'img/emojis/emoji_spritesheet_1.png', ':dolphin:', -200, -25, '725px 100px'),
(4934, 'img/emojis/emoji_spritesheet_1.png', ':whale:', -225, -25, '725px 100px'),
(4935, 'img/emojis/emoji_spritesheet_1.png', ':whale2:', -250, -25, '725px 100px'),
(4936, 'img/emojis/emoji_spritesheet_1.png', ':cow2:', -275, -25, '725px 100px'),
(4937, 'img/emojis/emoji_spritesheet_1.png', ':ram:', -300, -25, '725px 100px'),
(4938, 'img/emojis/emoji_spritesheet_1.png', ':rat:', -325, -25, '725px 100px'),
(4939, 'img/emojis/emoji_spritesheet_1.png', ':water_buffalo:', -350, -25, '725px 100px'),
(4940, 'img/emojis/emoji_spritesheet_1.png', ':tiger2:', -375, -25, '725px 100px'),
(4941, 'img/emojis/emoji_spritesheet_1.png', ':rabbit2:', -400, -25, '725px 100px'),
(4942, 'img/emojis/emoji_spritesheet_1.png', ':dragon:', -425, -25, '725px 100px'),
(4943, 'img/emojis/emoji_spritesheet_1.png', ':racehorse:', -450, -25, '725px 100px'),
(4944, 'img/emojis/emoji_spritesheet_1.png', ':goat:', -475, -25, '725px 100px'),
(4945, 'img/emojis/emoji_spritesheet_1.png', ':rooster:', -500, -25, '725px 100px'),
(4946, 'img/emojis/emoji_spritesheet_1.png', ':dog2:', -525, -25, '725px 100px'),
(4947, 'img/emojis/emoji_spritesheet_1.png', ':pig2:', -550, -25, '725px 100px'),
(4948, 'img/emojis/emoji_spritesheet_1.png', ':mouse2:', -575, -25, '725px 100px'),
(4949, 'img/emojis/emoji_spritesheet_1.png', ':ox:', -600, -25, '725px 100px'),
(4950, 'img/emojis/emoji_spritesheet_1.png', ':dragon_face:', -625, -25, '725px 100px'),
(4951, 'img/emojis/emoji_spritesheet_1.png', ':blowfish:', -650, -25, '725px 100px'),
(4952, 'img/emojis/emoji_spritesheet_1.png', ':crocodile:', -675, -25, '725px 100px'),
(4953, 'img/emojis/emoji_spritesheet_1.png', ':camel:', -700, -25, '725px 100px'),
(4954, 'img/emojis/emoji_spritesheet_1.png', ':dromedary_camel:', 0, -50, '725px 100px'),
(4955, 'img/emojis/emoji_spritesheet_1.png', ':leopard:', -25, -50, '725px 100px'),
(4956, 'img/emojis/emoji_spritesheet_1.png', ':cat2:', -50, -50, '725px 100px'),
(4957, 'img/emojis/emoji_spritesheet_1.png', ':poodle:', -75, -50, '725px 100px'),
(4958, 'img/emojis/emoji_spritesheet_1.png', ':feet:', -100, -50, '725px 100px'),
(4959, 'img/emojis/emoji_spritesheet_1.png', ':bouquet:', -125, -50, '725px 100px'),
(4960, 'img/emojis/emoji_spritesheet_1.png', ':cherry_blossom:', -150, -50, '725px 100px'),
(4961, 'img/emojis/emoji_spritesheet_1.png', ':tulip:', -175, -50, '725px 100px'),
(4962, 'img/emojis/emoji_spritesheet_1.png', ':four_leaf_clover:', -200, -50, '725px 100px'),
(4963, 'img/emojis/emoji_spritesheet_1.png', ':rose:', -225, -50, '725px 100px'),
(4964, 'img/emojis/emoji_spritesheet_1.png', ':sunflower:', -250, -50, '725px 100px'),
(4965, 'img/emojis/emoji_spritesheet_1.png', ':hibiscus:', -275, -50, '725px 100px'),
(4966, 'img/emojis/emoji_spritesheet_1.png', ':maple_leaf:', -300, -50, '725px 100px'),
(4967, 'img/emojis/emoji_spritesheet_1.png', ':leaves:', -325, -50, '725px 100px'),
(4968, 'img/emojis/emoji_spritesheet_1.png', ':fallen_leaf:', -350, -50, '725px 100px'),
(4969, 'img/emojis/emoji_spritesheet_1.png', ':herb:', -375, -50, '725px 100px'),
(4970, 'img/emojis/emoji_spritesheet_1.png', ':ear_of_rice:', -400, -50, '725px 100px'),
(4971, 'img/emojis/emoji_spritesheet_1.png', ':mushroom:', -425, -50, '725px 100px'),
(4972, 'img/emojis/emoji_spritesheet_1.png', ':cactus:', -450, -50, '725px 100px'),
(4973, 'img/emojis/emoji_spritesheet_1.png', ':palm_tree:', -475, -50, '725px 100px'),
(4974, 'img/emojis/emoji_spritesheet_1.png', ':evergreen_tree:', -500, -50, '725px 100px'),
(4975, 'img/emojis/emoji_spritesheet_1.png', ':deciduous_tree:', -525, -50, '725px 100px'),
(4976, 'img/emojis/emoji_spritesheet_1.png', ':chestnut:', -550, -50, '725px 100px'),
(4977, 'img/emojis/emoji_spritesheet_1.png', ':seedling:', -575, -50, '725px 100px'),
(4978, 'img/emojis/emoji_spritesheet_1.png', ':blossom:', -600, -50, '725px 100px'),
(4979, 'img/emojis/emoji_spritesheet_1.png', ':globe_with_meridians:', -625, -50, '725px 100px'),
(4980, 'img/emojis/emoji_spritesheet_1.png', ':sun_with_face:', -650, -50, '725px 100px'),
(4981, 'img/emojis/emoji_spritesheet_1.png', ':full_moon_with_face:', -675, -50, '725px 100px'),
(4982, 'img/emojis/emoji_spritesheet_1.png', ':new_moon_with_face:', -700, -50, '725px 100px'),
(4983, 'img/emojis/emoji_spritesheet_1.png', ':new_moon:', 0, -75, '725px 100px'),
(4984, 'img/emojis/emoji_spritesheet_1.png', ':waxing_crescent_moon:', -25, -75, '725px 100px'),
(4985, 'img/emojis/emoji_spritesheet_1.png', ':first_quarter_moon:', -50, -75, '725px 100px'),
(4986, 'img/emojis/emoji_spritesheet_1.png', ':moon:', -75, -75, '725px 100px'),
(4987, 'img/emojis/emoji_spritesheet_1.png', ':full_moon:', -100, -75, '725px 100px'),
(4988, 'img/emojis/emoji_spritesheet_1.png', ':waning_gibbous_moon:', -125, -75, '725px 100px'),
(4989, 'img/emojis/emoji_spritesheet_1.png', ':last_quarter_moon:', -150, -75, '725px 100px'),
(4990, 'img/emojis/emoji_spritesheet_1.png', ':waning_crescent_moon:', -175, -75, '725px 100px'),
(4991, 'img/emojis/emoji_spritesheet_1.png', ':last_quarter_moon_with_face:', -200, -75, '725px 100px'),
(4992, 'img/emojis/emoji_spritesheet_1.png', ':first_quarter_moon_with_face:', -225, -75, '725px 100px'),
(4993, 'img/emojis/emoji_spritesheet_1.png', ':crescent_moon:', -250, -75, '725px 100px'),
(4994, 'img/emojis/emoji_spritesheet_1.png', ':earth_africa:', -275, -75, '725px 100px'),
(4995, 'img/emojis/emoji_spritesheet_1.png', ':earth_americas:', -300, -75, '725px 100px'),
(4996, 'img/emojis/emoji_spritesheet_1.png', ':earth_asia:', -325, -75, '725px 100px'),
(4997, 'img/emojis/emoji_spritesheet_1.png', ':volcano:', -350, -75, '725px 100px'),
(4998, 'img/emojis/emoji_spritesheet_1.png', ':milky_way:', -375, -75, '725px 100px'),
(4999, 'img/emojis/emoji_spritesheet_1.png', ':stars:', -400, -75, '725px 100px'),
(5000, 'img/emojis/emoji_spritesheet_1.png', ':star:', -425, -75, '725px 100px'),
(5001, 'img/emojis/emoji_spritesheet_1.png', ':sunny:', -450, -75, '725px 100px'),
(5002, 'img/emojis/emoji_spritesheet_1.png', ':partly_sunny:', -475, -75, '725px 100px'),
(5003, 'img/emojis/emoji_spritesheet_1.png', ':cloud:', -500, -75, '725px 100px'),
(5004, 'img/emojis/emoji_spritesheet_1.png', ':zap:', -525, -75, '725px 100px'),
(5005, 'img/emojis/emoji_spritesheet_1.png', ':umbrella:', -550, -75, '725px 100px'),
(5006, 'img/emojis/emoji_spritesheet_1.png', ':snowflake:', -575, -75, '725px 100px'),
(5007, 'img/emojis/emoji_spritesheet_1.png', ':snowman:', -600, -75, '725px 100px'),
(5008, 'img/emojis/emoji_spritesheet_1.png', ':cyclone:', -625, -75, '725px 100px'),
(5009, 'img/emojis/emoji_spritesheet_1.png', ':foggy:', -650, -75, '725px 100px'),
(5010, 'img/emojis/emoji_spritesheet_1.png', ':rainbow:', -675, -75, '725px 100px'),
(5011, 'img/emojis/emoji_spritesheet_1.png', ':ocean:', -700, -75, '725px 100px'),
(5012, 'img/emojis/emoji_spritesheet_2.png', ':bamboo:', 0, 0, '825px 175px'),
(5013, 'img/emojis/emoji_spritesheet_2.png', ':gift_heart:', -25, 0, '825px 175px'),
(5014, 'img/emojis/emoji_spritesheet_2.png', ':dolls:', -50, 0, '825px 175px'),
(5015, 'img/emojis/emoji_spritesheet_2.png', ':school_satchel:', -75, 0, '825px 175px'),
(5016, 'img/emojis/emoji_spritesheet_2.png', ':mortar_board:', -100, 0, '825px 175px'),
(5017, 'img/emojis/emoji_spritesheet_2.png', ':flags:', -125, 0, '825px 175px'),
(5018, 'img/emojis/emoji_spritesheet_2.png', ':fireworks:', -150, 0, '825px 175px'),
(5019, 'img/emojis/emoji_spritesheet_2.png', ':sparkler:', -175, 0, '825px 175px'),
(5020, 'img/emojis/emoji_spritesheet_2.png', ':wind_chime:', -200, 0, '825px 175px'),
(5021, 'img/emojis/emoji_spritesheet_2.png', ':rice_scene:', -225, 0, '825px 175px'),
(5022, 'img/emojis/emoji_spritesheet_2.png', ':jack_o_lantern:', -250, 0, '825px 175px'),
(5023, 'img/emojis/emoji_spritesheet_2.png', ':ghost:', -275, 0, '825px 175px'),
(5024, 'img/emojis/emoji_spritesheet_2.png', ':santa:', -300, 0, '825px 175px'),
(5025, 'img/emojis/emoji_spritesheet_2.png', ':christmas_tree:', -325, 0, '825px 175px'),
(5026, 'img/emojis/emoji_spritesheet_2.png', ':gift:', -350, 0, '825px 175px'),
(5027, 'img/emojis/emoji_spritesheet_2.png', ':tanabata_tree:', -375, 0, '825px 175px'),
(5028, 'img/emojis/emoji_spritesheet_2.png', ':tada:', -400, 0, '825px 175px'),
(5029, 'img/emojis/emoji_spritesheet_2.png', ':confetti_ball:', -425, 0, '825px 175px'),
(5030, 'img/emojis/emoji_spritesheet_2.png', ':balloon:', -450, 0, '825px 175px'),
(5031, 'img/emojis/emoji_spritesheet_2.png', ':crossed_flags:', -475, 0, '825px 175px'),
(5032, 'img/emojis/emoji_spritesheet_2.png', ':crystal_ball:', -500, 0, '825px 175px'),
(5033, 'img/emojis/emoji_spritesheet_2.png', ':movie_camera:', -525, 0, '825px 175px'),
(5034, 'img/emojis/emoji_spritesheet_2.png', ':camera:', -550, 0, '825px 175px'),
(5035, 'img/emojis/emoji_spritesheet_2.png', ':video_camera:', -575, 0, '825px 175px'),
(5036, 'img/emojis/emoji_spritesheet_2.png', ':vhs:', -600, 0, '825px 175px'),
(5037, 'img/emojis/emoji_spritesheet_2.png', ':cd:', -625, 0, '825px 175px'),
(5038, 'img/emojis/emoji_spritesheet_2.png', ':dvd:', -650, 0, '825px 175px'),
(5039, 'img/emojis/emoji_spritesheet_2.png', ':minidisc:', -675, 0, '825px 175px'),
(5040, 'img/emojis/emoji_spritesheet_2.png', ':floppy_disk:', -700, 0, '825px 175px'),
(5041, 'img/emojis/emoji_spritesheet_2.png', ':computer:', -725, 0, '825px 175px'),
(5042, 'img/emojis/emoji_spritesheet_2.png', ':iphone:', -750, 0, '825px 175px'),
(5043, 'img/emojis/emoji_spritesheet_2.png', ':phone:', -775, 0, '825px 175px'),
(5044, 'img/emojis/emoji_spritesheet_2.png', ':telephone_receiver:', -800, 0, '825px 175px'),
(5045, 'img/emojis/emoji_spritesheet_2.png', ':pager:', 0, -25, '825px 175px'),
(5046, 'img/emojis/emoji_spritesheet_2.png', ':fax:', -25, -25, '825px 175px'),
(5047, 'img/emojis/emoji_spritesheet_2.png', ':satellite:', -50, -25, '825px 175px'),
(5048, 'img/emojis/emoji_spritesheet_2.png', ':tv:', -75, -25, '825px 175px'),
(5049, 'img/emojis/emoji_spritesheet_2.png', ':radio:', -100, -25, '825px 175px'),
(5050, 'img/emojis/emoji_spritesheet_2.png', ':loud_sound:', -125, -25, '825px 175px'),
(5051, 'img/emojis/emoji_spritesheet_2.png', ':sound:', -150, -25, '825px 175px'),
(5052, 'img/emojis/emoji_spritesheet_2.png', ':speaker:', -175, -25, '825px 175px'),
(5053, 'img/emojis/emoji_spritesheet_2.png', ':mute:', -200, -25, '825px 175px'),
(5054, 'img/emojis/emoji_spritesheet_2.png', ':bell:', -225, -25, '825px 175px'),
(5055, 'img/emojis/emoji_spritesheet_2.png', ':no_bell:', -250, -25, '825px 175px'),
(5056, 'img/emojis/emoji_spritesheet_2.png', ':mega:', -275, -25, '825px 175px'),
(5057, 'img/emojis/emoji_spritesheet_2.png', ':loudspeaker:', -300, -25, '825px 175px'),
(5058, 'img/emojis/emoji_spritesheet_2.png', ':hourglass_flowing_sand:', -325, -25, '825px 175px'),
(5059, 'img/emojis/emoji_spritesheet_2.png', ':hourglass:', -350, -25, '825px 175px'),
(5060, 'img/emojis/emoji_spritesheet_2.png', ':alarm_clock:', -375, -25, '825px 175px'),
(5061, 'img/emojis/emoji_spritesheet_2.png', ':watch:', -400, -25, '825px 175px'),
(5062, 'img/emojis/emoji_spritesheet_2.png', ':unlock:', -425, -25, '825px 175px'),
(5063, 'img/emojis/emoji_spritesheet_2.png', ':lock:', -450, -25, '825px 175px'),
(5064, 'img/emojis/emoji_spritesheet_2.png', ':lock_with_ink_pen:', -475, -25, '825px 175px'),
(5065, 'img/emojis/emoji_spritesheet_2.png', ':closed_lock_with_key:', -500, -25, '825px 175px'),
(5066, 'img/emojis/emoji_spritesheet_2.png', ':key:', -525, -25, '825px 175px'),
(5067, 'img/emojis/emoji_spritesheet_2.png', ':mag_right:', -550, -25, '825px 175px'),
(5068, 'img/emojis/emoji_spritesheet_2.png', ':bulb:', -575, -25, '825px 175px'),
(5069, 'img/emojis/emoji_spritesheet_2.png', ':flashlight:', -600, -25, '825px 175px'),
(5070, 'img/emojis/emoji_spritesheet_2.png', ':high_brightness:', -625, -25, '825px 175px'),
(5071, 'img/emojis/emoji_spritesheet_2.png', ':low_brightness:', -650, -25, '825px 175px'),
(5072, 'img/emojis/emoji_spritesheet_2.png', ':electric_plug:', -675, -25, '825px 175px'),
(5073, 'img/emojis/emoji_spritesheet_2.png', ':battery:', -700, -25, '825px 175px'),
(5074, 'img/emojis/emoji_spritesheet_2.png', ':mag:', -725, -25, '825px 175px'),
(5075, 'img/emojis/emoji_spritesheet_2.png', ':bath:', -750, -25, '825px 175px'),
(5076, 'img/emojis/emoji_spritesheet_2.png', ':bathtub:', -775, -25, '825px 175px'),
(5077, 'img/emojis/emoji_spritesheet_2.png', ':shower:', -800, -25, '825px 175px'),
(5078, 'img/emojis/emoji_spritesheet_2.png', ':toilet:', 0, -50, '825px 175px'),
(5079, 'img/emojis/emoji_spritesheet_2.png', ':wrench:', -25, -50, '825px 175px'),
(5080, 'img/emojis/emoji_spritesheet_2.png', ':nut_and_bolt:', -50, -50, '825px 175px'),
(5081, 'img/emojis/emoji_spritesheet_2.png', ':hammer:', -75, -50, '825px 175px'),
(5082, 'img/emojis/emoji_spritesheet_2.png', ':door:', -100, -50, '825px 175px'),
(5083, 'img/emojis/emoji_spritesheet_2.png', ':smoking:', -125, -50, '825px 175px'),
(5084, 'img/emojis/emoji_spritesheet_2.png', ':bomb:', -150, -50, '825px 175px'),
(5085, 'img/emojis/emoji_spritesheet_2.png', ':gun:', -175, -50, '825px 175px'),
(5086, 'img/emojis/emoji_spritesheet_2.png', ':hocho:', -200, -50, '825px 175px'),
(5087, 'img/emojis/emoji_spritesheet_2.png', ':pill:', -225, -50, '825px 175px'),
(5088, 'img/emojis/emoji_spritesheet_2.png', ':syringe:', -250, -50, '825px 175px'),
(5089, 'img/emojis/emoji_spritesheet_2.png', ':moneybag:', -275, -50, '825px 175px'),
(5090, 'img/emojis/emoji_spritesheet_2.png', ':yen:', -300, -50, '825px 175px'),
(5091, 'img/emojis/emoji_spritesheet_2.png', ':dollar:', -325, -50, '825px 175px'),
(5092, 'img/emojis/emoji_spritesheet_2.png', ':pound:', -350, -50, '825px 175px'),
(5093, 'img/emojis/emoji_spritesheet_2.png', ':euro:', -375, -50, '825px 175px'),
(5094, 'img/emojis/emoji_spritesheet_2.png', ':credit_card:', -400, -50, '825px 175px'),
(5095, 'img/emojis/emoji_spritesheet_2.png', ':money_with_wings:', -425, -50, '825px 175px'),
(5096, 'img/emojis/emoji_spritesheet_2.png', ':calling:', -450, -50, '825px 175px'),
(5097, 'img/emojis/emoji_spritesheet_2.png', ':e-mail:', -475, -50, '825px 175px'),
(5098, 'img/emojis/emoji_spritesheet_2.png', ':inbox_tray:', -500, -50, '825px 175px'),
(5099, 'img/emojis/emoji_spritesheet_2.png', ':outbox_tray:', -525, -50, '825px 175px'),
(5100, 'img/emojis/emoji_spritesheet_2.png', ':email:', -550, -50, '825px 175px'),
(5101, 'img/emojis/emoji_spritesheet_2.png', ':envelope_with_arrow:', -575, -50, '825px 175px'),
(5102, 'img/emojis/emoji_spritesheet_2.png', ':incoming_envelope:', -600, -50, '825px 175px'),
(5103, 'img/emojis/emoji_spritesheet_2.png', ':postal_horn:', -625, -50, '825px 175px'),
(5104, 'img/emojis/emoji_spritesheet_2.png', ':mailbox:', -650, -50, '825px 175px'),
(5105, 'img/emojis/emoji_spritesheet_2.png', ':mailbox_closed:', -675, -50, '825px 175px'),
(5106, 'img/emojis/emoji_spritesheet_2.png', ':mailbox_with_mail:', -700, -50, '825px 175px'),
(5107, 'img/emojis/emoji_spritesheet_2.png', ':mailbox_with_no_mail:', -725, -50, '825px 175px'),
(5108, 'img/emojis/emoji_spritesheet_2.png', ':postbox:', -750, -50, '825px 175px'),
(5109, 'img/emojis/emoji_spritesheet_2.png', ':package:', -775, -50, '825px 175px'),
(5110, 'img/emojis/emoji_spritesheet_2.png', ':memo:', -800, -50, '825px 175px'),
(5111, 'img/emojis/emoji_spritesheet_2.png', ':page_facing_up:', 0, -75, '825px 175px'),
(5112, 'img/emojis/emoji_spritesheet_2.png', ':page_with_curl:', -25, -75, '825px 175px'),
(5113, 'img/emojis/emoji_spritesheet_2.png', ':bookmark_tabs:', -50, -75, '825px 175px'),
(5114, 'img/emojis/emoji_spritesheet_2.png', ':bar_chart:', -75, -75, '825px 175px'),
(5115, 'img/emojis/emoji_spritesheet_2.png', ':chart_with_upwards_trend:', -100, -75, '825px 175px'),
(5116, 'img/emojis/emoji_spritesheet_2.png', ':chart_with_downwards_trend:', -125, -75, '825px 175px'),
(5117, 'img/emojis/emoji_spritesheet_2.png', ':scroll:', -150, -75, '825px 175px'),
(5118, 'img/emojis/emoji_spritesheet_2.png', ':clipboard:', -175, -75, '825px 175px'),
(5119, 'img/emojis/emoji_spritesheet_2.png', ':date:', -200, -75, '825px 175px'),
(5120, 'img/emojis/emoji_spritesheet_2.png', ':calendar:', -225, -75, '825px 175px'),
(5121, 'img/emojis/emoji_spritesheet_2.png', ':card_index:', -250, -75, '825px 175px'),
(5122, 'img/emojis/emoji_spritesheet_2.png', ':file_folder:', -275, -75, '825px 175px'),
(5123, 'img/emojis/emoji_spritesheet_2.png', ':open_file_folder:', -300, -75, '825px 175px'),
(5124, 'img/emojis/emoji_spritesheet_2.png', ':scissors:', -325, -75, '825px 175px'),
(5125, 'img/emojis/emoji_spritesheet_2.png', ':pushpin:', -350, -75, '825px 175px'),
(5126, 'img/emojis/emoji_spritesheet_2.png', ':paperclip:', -375, -75, '825px 175px'),
(5127, 'img/emojis/emoji_spritesheet_2.png', ':black_nib:', -400, -75, '825px 175px'),
(5128, 'img/emojis/emoji_spritesheet_2.png', ':pencil2:', -425, -75, '825px 175px'),
(5129, 'img/emojis/emoji_spritesheet_2.png', ':straight_ruler:', -450, -75, '825px 175px'),
(5130, 'img/emojis/emoji_spritesheet_2.png', ':triangular_ruler:', -475, -75, '825px 175px'),
(5131, 'img/emojis/emoji_spritesheet_2.png', ':closed_book:', -500, -75, '825px 175px'),
(5132, 'img/emojis/emoji_spritesheet_2.png', ':green_book:', -525, -75, '825px 175px'),
(5133, 'img/emojis/emoji_spritesheet_2.png', ':blue_book:', -550, -75, '825px 175px'),
(5134, 'img/emojis/emoji_spritesheet_2.png', ':orange_book:', -575, -75, '825px 175px'),
(5135, 'img/emojis/emoji_spritesheet_2.png', ':notebook:', -600, -75, '825px 175px'),
(5136, 'img/emojis/emoji_spritesheet_2.png', ':notebook_with_decorative_cover:', -625, -75, '825px 175px'),
(5137, 'img/emojis/emoji_spritesheet_2.png', ':ledger:', -650, -75, '825px 175px'),
(5138, 'img/emojis/emoji_spritesheet_2.png', ':books:', -675, -75, '825px 175px'),
(5139, 'img/emojis/emoji_spritesheet_2.png', ':book:', -700, -75, '825px 175px'),
(5140, 'img/emojis/emoji_spritesheet_2.png', ':bookmark:', -725, -75, '825px 175px'),
(5141, 'img/emojis/emoji_spritesheet_2.png', ':name_badge:', -750, -75, '825px 175px'),
(5142, 'img/emojis/emoji_spritesheet_2.png', ':microscope:', -775, -75, '825px 175px'),
(5143, 'img/emojis/emoji_spritesheet_2.png', ':telescope:', -800, -75, '825px 175px'),
(5144, 'img/emojis/emoji_spritesheet_2.png', ':newspaper:', 0, -100, '825px 175px'),
(5145, 'img/emojis/emoji_spritesheet_2.png', ':art:', -25, -100, '825px 175px'),
(5146, 'img/emojis/emoji_spritesheet_2.png', ':clapper:', -50, -100, '825px 175px'),
(5147, 'img/emojis/emoji_spritesheet_2.png', ':microphone:', -75, -100, '825px 175px'),
(5148, 'img/emojis/emoji_spritesheet_2.png', ':headphones:', -100, -100, '825px 175px'),
(5149, 'img/emojis/emoji_spritesheet_2.png', ':musical_score:', -125, -100, '825px 175px'),
(5150, 'img/emojis/emoji_spritesheet_2.png', ':musical_note:', -150, -100, '825px 175px'),
(5151, 'img/emojis/emoji_spritesheet_2.png', ':notes:', -175, -100, '825px 175px'),
(5152, 'img/emojis/emoji_spritesheet_2.png', ':musical_keyboard:', -200, -100, '825px 175px'),
(5153, 'img/emojis/emoji_spritesheet_2.png', ':violin:', -225, -100, '825px 175px'),
(5154, 'img/emojis/emoji_spritesheet_2.png', ':trumpet:', -250, -100, '825px 175px'),
(5155, 'img/emojis/emoji_spritesheet_2.png', ':saxophone:', -275, -100, '825px 175px'),
(5156, 'img/emojis/emoji_spritesheet_2.png', ':guitar:', -300, -100, '825px 175px'),
(5157, 'img/emojis/emoji_spritesheet_2.png', ':space_invader:', -325, -100, '825px 175px'),
(5158, 'img/emojis/emoji_spritesheet_2.png', ':video_game:', -350, -100, '825px 175px'),
(5159, 'img/emojis/emoji_spritesheet_2.png', ':black_joker:', -375, -100, '825px 175px'),
(5160, 'img/emojis/emoji_spritesheet_2.png', ':flower_playing_cards:', -400, -100, '825px 175px'),
(5161, 'img/emojis/emoji_spritesheet_2.png', ':mahjong:', -425, -100, '825px 175px'),
(5162, 'img/emojis/emoji_spritesheet_2.png', ':game_die:', -450, -100, '825px 175px'),
(5163, 'img/emojis/emoji_spritesheet_2.png', ':dart:', -475, -100, '825px 175px'),
(5164, 'img/emojis/emoji_spritesheet_2.png', ':football:', -500, -100, '825px 175px'),
(5165, 'img/emojis/emoji_spritesheet_2.png', ':basketball:', -525, -100, '825px 175px'),
(5166, 'img/emojis/emoji_spritesheet_2.png', ':soccer:', -550, -100, '825px 175px'),
(5167, 'img/emojis/emoji_spritesheet_2.png', ':baseball:', -575, -100, '825px 175px'),
(5168, 'img/emojis/emoji_spritesheet_2.png', ':tennis:', -600, -100, '825px 175px'),
(5169, 'img/emojis/emoji_spritesheet_2.png', ':8ball:', -625, -100, '825px 175px'),
(5170, 'img/emojis/emoji_spritesheet_2.png', ':rugby_football:', -650, -100, '825px 175px'),
(5171, 'img/emojis/emoji_spritesheet_2.png', ':bowling:', -675, -100, '825px 175px'),
(5172, 'img/emojis/emoji_spritesheet_2.png', ':golf:', -700, -100, '825px 175px'),
(5173, 'img/emojis/emoji_spritesheet_2.png', ':mountain_bicyclist:', -725, -100, '825px 175px'),
(5174, 'img/emojis/emoji_spritesheet_2.png', ':bicyclist:', -750, -100, '825px 175px'),
(5175, 'img/emojis/emoji_spritesheet_2.png', ':checkered_flag:', -775, -100, '825px 175px'),
(5176, 'img/emojis/emoji_spritesheet_2.png', ':horse_racing:', -800, -100, '825px 175px'),
(5177, 'img/emojis/emoji_spritesheet_2.png', ':trophy:', 0, -125, '825px 175px'),
(5178, 'img/emojis/emoji_spritesheet_2.png', ':ski:', -25, -125, '825px 175px'),
(5179, 'img/emojis/emoji_spritesheet_2.png', ':snowboarder:', -50, -125, '825px 175px'),
(5180, 'img/emojis/emoji_spritesheet_2.png', ':swimmer:', -75, -125, '825px 175px'),
(5181, 'img/emojis/emoji_spritesheet_2.png', ':surfer:', -100, -125, '825px 175px'),
(5182, 'img/emojis/emoji_spritesheet_2.png', ':fishing_pole_and_fish:', -125, -125, '825px 175px'),
(5183, 'img/emojis/emoji_spritesheet_2.png', ':coffee:', -150, -125, '825px 175px'),
(5184, 'img/emojis/emoji_spritesheet_2.png', ':tea:', -175, -125, '825px 175px'),
(5185, 'img/emojis/emoji_spritesheet_2.png', ':sake:', -200, -125, '825px 175px'),
(5186, 'img/emojis/emoji_spritesheet_2.png', ':baby_bottle:', -225, -125, '825px 175px'),
(5187, 'img/emojis/emoji_spritesheet_2.png', ':beer:', -250, -125, '825px 175px'),
(5188, 'img/emojis/emoji_spritesheet_2.png', ':beers:', -275, -125, '825px 175px'),
(5189, 'img/emojis/emoji_spritesheet_2.png', ':cocktail:', -300, -125, '825px 175px'),
(5190, 'img/emojis/emoji_spritesheet_2.png', ':tropical_drink:', -325, -125, '825px 175px'),
(5191, 'img/emojis/emoji_spritesheet_2.png', ':wine_glass:', -350, -125, '825px 175px'),
(5192, 'img/emojis/emoji_spritesheet_2.png', ':fork_and_knife:', -375, -125, '825px 175px'),
(5193, 'img/emojis/emoji_spritesheet_2.png', ':pizza:', -400, -125, '825px 175px'),
(5194, 'img/emojis/emoji_spritesheet_2.png', ':hamburger:', -425, -125, '825px 175px'),
(5195, 'img/emojis/emoji_spritesheet_2.png', ':fries:', -450, -125, '825px 175px'),
(5196, 'img/emojis/emoji_spritesheet_2.png', ':poultry_leg:', -475, -125, '825px 175px'),
(5197, 'img/emojis/emoji_spritesheet_2.png', ':meat_on_bone:', -500, -125, '825px 175px'),
(5198, 'img/emojis/emoji_spritesheet_2.png', ':spaghetti:', -525, -125, '825px 175px'),
(5199, 'img/emojis/emoji_spritesheet_2.png', ':curry:', -550, -125, '825px 175px'),
(5200, 'img/emojis/emoji_spritesheet_2.png', ':fried_shrimp:', -575, -125, '825px 175px'),
(5201, 'img/emojis/emoji_spritesheet_2.png', ':bento:', -600, -125, '825px 175px'),
(5202, 'img/emojis/emoji_spritesheet_2.png', ':sushi:', -625, -125, '825px 175px'),
(5203, 'img/emojis/emoji_spritesheet_2.png', ':fish_cake:', -650, -125, '825px 175px'),
(5204, 'img/emojis/emoji_spritesheet_2.png', ':rice_ball:', -675, -125, '825px 175px'),
(5205, 'img/emojis/emoji_spritesheet_2.png', ':rice_cracker:', -700, -125, '825px 175px'),
(5206, 'img/emojis/emoji_spritesheet_2.png', ':rice:', -725, -125, '825px 175px'),
(5207, 'img/emojis/emoji_spritesheet_2.png', ':ramen:', -750, -125, '825px 175px'),
(5208, 'img/emojis/emoji_spritesheet_2.png', ':stew:', -775, -125, '825px 175px'),
(5209, 'img/emojis/emoji_spritesheet_2.png', ':oden:', -800, -125, '825px 175px'),
(5210, 'img/emojis/emoji_spritesheet_2.png', ':dango:', 0, -150, '825px 175px'),
(5211, 'img/emojis/emoji_spritesheet_2.png', ':egg:', -25, -150, '825px 175px'),
(5212, 'img/emojis/emoji_spritesheet_2.png', ':bread:', -50, -150, '825px 175px'),
(5213, 'img/emojis/emoji_spritesheet_2.png', ':doughnut:', -75, -150, '825px 175px'),
(5214, 'img/emojis/emoji_spritesheet_2.png', ':custard:', -100, -150, '825px 175px'),
(5215, 'img/emojis/emoji_spritesheet_2.png', ':icecream:', -125, -150, '825px 175px'),
(5216, 'img/emojis/emoji_spritesheet_2.png', ':ice_cream:', -150, -150, '825px 175px'),
(5217, 'img/emojis/emoji_spritesheet_2.png', ':shaved_ice:', -175, -150, '825px 175px'),
(5218, 'img/emojis/emoji_spritesheet_2.png', ':birthday:', -200, -150, '825px 175px'),
(5219, 'img/emojis/emoji_spritesheet_2.png', ':cake:', -225, -150, '825px 175px'),
(5220, 'img/emojis/emoji_spritesheet_2.png', ':cookie:', -250, -150, '825px 175px'),
(5221, 'img/emojis/emoji_spritesheet_2.png', ':chocolate_bar:', -275, -150, '825px 175px'),
(5222, 'img/emojis/emoji_spritesheet_2.png', ':candy:', -300, -150, '825px 175px'),
(5223, 'img/emojis/emoji_spritesheet_2.png', ':lollipop:', -325, -150, '825px 175px'),
(5224, 'img/emojis/emoji_spritesheet_2.png', ':honey_pot:', -350, -150, '825px 175px'),
(5225, 'img/emojis/emoji_spritesheet_2.png', ':apple:', -375, -150, '825px 175px'),
(5226, 'img/emojis/emoji_spritesheet_2.png', ':green_apple:', -400, -150, '825px 175px'),
(5227, 'img/emojis/emoji_spritesheet_2.png', ':tangerine:', -425, -150, '825px 175px'),
(5228, 'img/emojis/emoji_spritesheet_2.png', ':lemon:', -450, -150, '825px 175px'),
(5229, 'img/emojis/emoji_spritesheet_2.png', ':cherries:', -475, -150, '825px 175px'),
(5230, 'img/emojis/emoji_spritesheet_2.png', ':grapes:', -500, -150, '825px 175px'),
(5231, 'img/emojis/emoji_spritesheet_2.png', ':watermelon:', -525, -150, '825px 175px'),
(5232, 'img/emojis/emoji_spritesheet_2.png', ':strawberry:', -550, -150, '825px 175px'),
(5233, 'img/emojis/emoji_spritesheet_2.png', ':peach:', -575, -150, '825px 175px'),
(5234, 'img/emojis/emoji_spritesheet_2.png', ':melon:', -600, -150, '825px 175px'),
(5235, 'img/emojis/emoji_spritesheet_2.png', ':banana:', -625, -150, '825px 175px'),
(5236, 'img/emojis/emoji_spritesheet_2.png', ':pear:', -650, -150, '825px 175px'),
(5237, 'img/emojis/emoji_spritesheet_2.png', ':pineapple:', -675, -150, '825px 175px'),
(5238, 'img/emojis/emoji_spritesheet_2.png', ':sweet_potato:', -700, -150, '825px 175px'),
(5239, 'img/emojis/emoji_spritesheet_2.png', ':eggplant:', -725, -150, '825px 175px'),
(5240, 'img/emojis/emoji_spritesheet_2.png', ':tomato:', -750, -150, '825px 175px'),
(5241, 'img/emojis/emoji_spritesheet_2.png', ':corn:', -775, -150, '825px 175px'),
(5242, 'img/emojis/emoji_spritesheet_3.png', ':house:', 0, 0, '850px 75px'),
(5243, 'img/emojis/emoji_spritesheet_3.png', ':house_with_garden:', -25, 0, '850px 75px'),
(5244, 'img/emojis/emoji_spritesheet_3.png', ':school:', -50, 0, '850px 75px'),
(5245, 'img/emojis/emoji_spritesheet_3.png', ':office:', -75, 0, '850px 75px'),
(5246, 'img/emojis/emoji_spritesheet_3.png', ':post_office:', -100, 0, '850px 75px'),
(5247, 'img/emojis/emoji_spritesheet_3.png', ':hospital:', -125, 0, '850px 75px'),
(5248, 'img/emojis/emoji_spritesheet_3.png', ':bank:', -150, 0, '850px 75px'),
(5249, 'img/emojis/emoji_spritesheet_3.png', ':convenience_store:', -175, 0, '850px 75px'),
(5250, 'img/emojis/emoji_spritesheet_3.png', ':love_hotel:', -200, 0, '850px 75px'),
(5251, 'img/emojis/emoji_spritesheet_3.png', ':hotel:', -225, 0, '850px 75px'),
(5252, 'img/emojis/emoji_spritesheet_3.png', ':wedding:', -250, 0, '850px 75px'),
(5253, 'img/emojis/emoji_spritesheet_3.png', ':church:', -275, 0, '850px 75px'),
(5254, 'img/emojis/emoji_spritesheet_3.png', ':department_store:', -300, 0, '850px 75px'),
(5255, 'img/emojis/emoji_spritesheet_3.png', ':european_post_office:', -325, 0, '850px 75px'),
(5256, 'img/emojis/emoji_spritesheet_3.png', ':city_sunrise:', -350, 0, '850px 75px'),
(5257, 'img/emojis/emoji_spritesheet_3.png', ':city_sunset:', -375, 0, '850px 75px'),
(5258, 'img/emojis/emoji_spritesheet_3.png', ':japanese_castle:', -400, 0, '850px 75px'),
(5259, 'img/emojis/emoji_spritesheet_3.png', ':european_castle:', -425, 0, '850px 75px'),
(5260, 'img/emojis/emoji_spritesheet_3.png', ':tent:', -450, 0, '850px 75px'),
(5261, 'img/emojis/emoji_spritesheet_3.png', ':factory:', -475, 0, '850px 75px'),
(5262, 'img/emojis/emoji_spritesheet_3.png', ':tokyo_tower:', -500, 0, '850px 75px'),
(5263, 'img/emojis/emoji_spritesheet_3.png', ':japan:', -525, 0, '850px 75px'),
(5264, 'img/emojis/emoji_spritesheet_3.png', ':mount_fuji:', -550, 0, '850px 75px'),
(5265, 'img/emojis/emoji_spritesheet_3.png', ':sunrise_over_mountains:', -575, 0, '850px 75px'),
(5266, 'img/emojis/emoji_spritesheet_3.png', ':sunrise:', -600, 0, '850px 75px'),
(5267, 'img/emojis/emoji_spritesheet_3.png', ':night_with_stars:', -625, 0, '850px 75px'),
(5268, 'img/emojis/emoji_spritesheet_3.png', ':statue_of_liberty:', -650, 0, '850px 75px'),
(5269, 'img/emojis/emoji_spritesheet_3.png', ':bridge_at_night:', -675, 0, '850px 75px'),
(5270, 'img/emojis/emoji_spritesheet_3.png', ':carousel_horse:', -700, 0, '850px 75px'),
(5271, 'img/emojis/emoji_spritesheet_3.png', ':ferris_wheel:', -725, 0, '850px 75px'),
(5272, 'img/emojis/emoji_spritesheet_3.png', ':fountain:', -750, 0, '850px 75px'),
(5273, 'img/emojis/emoji_spritesheet_3.png', ':roller_coaster:', -775, 0, '850px 75px'),
(5274, 'img/emojis/emoji_spritesheet_3.png', ':ship:', -800, 0, '850px 75px'),
(5275, 'img/emojis/emoji_spritesheet_3.png', ':boat:', -825, 0, '850px 75px'),
(5276, 'img/emojis/emoji_spritesheet_3.png', ':speedboat:', 0, -25, '850px 75px'),
(5277, 'img/emojis/emoji_spritesheet_3.png', ':rowboat:', -25, -25, '850px 75px'),
(5278, 'img/emojis/emoji_spritesheet_3.png', ':anchor:', -50, -25, '850px 75px'),
(5279, 'img/emojis/emoji_spritesheet_3.png', ':rocket:', -75, -25, '850px 75px'),
(5280, 'img/emojis/emoji_spritesheet_3.png', ':airplane:', -100, -25, '850px 75px'),
(5281, 'img/emojis/emoji_spritesheet_3.png', ':seat:', -125, -25, '850px 75px'),
(5282, 'img/emojis/emoji_spritesheet_3.png', ':helicopter:', -150, -25, '850px 75px'),
(5283, 'img/emojis/emoji_spritesheet_3.png', ':steam_locomotive:', -175, -25, '850px 75px'),
(5284, 'img/emojis/emoji_spritesheet_3.png', ':tram:', -200, -25, '850px 75px'),
(5285, 'img/emojis/emoji_spritesheet_3.png', ':station:', -225, -25, '850px 75px'),
(5286, 'img/emojis/emoji_spritesheet_3.png', ':mountain_railway:', -250, -25, '850px 75px'),
(5287, 'img/emojis/emoji_spritesheet_3.png', ':train2:', -275, -25, '850px 75px'),
(5288, 'img/emojis/emoji_spritesheet_3.png', ':bullettrain_side:', -300, -25, '850px 75px'),
(5289, 'img/emojis/emoji_spritesheet_3.png', ':bullettrain_front:', -325, -25, '850px 75px'),
(5290, 'img/emojis/emoji_spritesheet_3.png', ':light_rail:', -350, -25, '850px 75px'),
(5291, 'img/emojis/emoji_spritesheet_3.png', ':metro:', -375, -25, '850px 75px'),
(5292, 'img/emojis/emoji_spritesheet_3.png', ':monorail:', -400, -25, '850px 75px'),
(5293, 'img/emojis/emoji_spritesheet_3.png', ':railway_car:', -425, -25, '850px 75px'),
(5294, 'img/emojis/emoji_spritesheet_3.png', ':train:', -450, -25, '850px 75px'),
(5295, 'img/emojis/emoji_spritesheet_3.png', ':trolleybus:', -475, -25, '850px 75px'),
(5296, 'img/emojis/emoji_spritesheet_3.png', ':bus:', -500, -25, '850px 75px'),
(5297, 'img/emojis/emoji_spritesheet_3.png', ':oncoming_bus:', -525, -25, '850px 75px');
INSERT INTO `emojis` (`id`, `file`, `name`, `x`, `y`, `background_size`) VALUES
(5298, 'img/emojis/emoji_spritesheet_3.png', ':blue_car:', -550, -25, '850px 75px'),
(5299, 'img/emojis/emoji_spritesheet_3.png', ':oncoming_automobile:', -575, -25, '850px 75px'),
(5300, 'img/emojis/emoji_spritesheet_3.png', ':car:', -600, -25, '850px 75px'),
(5301, 'img/emojis/emoji_spritesheet_3.png', ':taxi:', -625, -25, '850px 75px'),
(5302, 'img/emojis/emoji_spritesheet_3.png', ':oncoming_taxi:', -650, -25, '850px 75px'),
(5303, 'img/emojis/emoji_spritesheet_3.png', ':articulated_lorry:', -675, -25, '850px 75px'),
(5304, 'img/emojis/emoji_spritesheet_3.png', ':truck:', -700, -25, '850px 75px'),
(5305, 'img/emojis/emoji_spritesheet_3.png', ':rotating_light:', -725, -25, '850px 75px'),
(5306, 'img/emojis/emoji_spritesheet_3.png', ':police_car:', -750, -25, '850px 75px'),
(5307, 'img/emojis/emoji_spritesheet_3.png', ':oncoming_police_car:', -775, -25, '850px 75px'),
(5308, 'img/emojis/emoji_spritesheet_3.png', ':fire_engine:', -800, -25, '850px 75px'),
(5309, 'img/emojis/emoji_spritesheet_3.png', ':ambulance:', -825, -25, '850px 75px'),
(5310, 'img/emojis/emoji_spritesheet_3.png', ':minibus:', 0, -50, '850px 75px'),
(5311, 'img/emojis/emoji_spritesheet_3.png', ':bike:', -25, -50, '850px 75px'),
(5312, 'img/emojis/emoji_spritesheet_3.png', ':aerial_tramway:', -50, -50, '850px 75px'),
(5313, 'img/emojis/emoji_spritesheet_3.png', ':suspension_railway:', -75, -50, '850px 75px'),
(5314, 'img/emojis/emoji_spritesheet_3.png', ':mountain_cableway:', -100, -50, '850px 75px'),
(5315, 'img/emojis/emoji_spritesheet_3.png', ':tractor:', -125, -50, '850px 75px'),
(5316, 'img/emojis/emoji_spritesheet_3.png', ':barber:', -150, -50, '850px 75px'),
(5317, 'img/emojis/emoji_spritesheet_3.png', ':busstop:', -175, -50, '850px 75px'),
(5318, 'img/emojis/emoji_spritesheet_3.png', ':ticket:', -200, -50, '850px 75px'),
(5319, 'img/emojis/emoji_spritesheet_3.png', ':vertical_traffic_light:', -225, -50, '850px 75px'),
(5320, 'img/emojis/emoji_spritesheet_3.png', ':traffic_light:', -250, -50, '850px 75px'),
(5321, 'img/emojis/emoji_spritesheet_3.png', ':warning:', -275, -50, '850px 75px'),
(5322, 'img/emojis/emoji_spritesheet_3.png', ':construction:', -300, -50, '850px 75px'),
(5323, 'img/emojis/emoji_spritesheet_3.png', ':beginner:', -325, -50, '850px 75px'),
(5324, 'img/emojis/emoji_spritesheet_3.png', ':fuelpump:', -350, -50, '850px 75px'),
(5325, 'img/emojis/emoji_spritesheet_3.png', ':izakaya_lantern:', -375, -50, '850px 75px'),
(5326, 'img/emojis/emoji_spritesheet_3.png', ':slot_machine:', -400, -50, '850px 75px'),
(5327, 'img/emojis/emoji_spritesheet_3.png', ':hotsprings:', -425, -50, '850px 75px'),
(5328, 'img/emojis/emoji_spritesheet_3.png', ':moyai:', -450, -50, '850px 75px'),
(5329, 'img/emojis/emoji_spritesheet_3.png', ':circus_tent:', -475, -50, '850px 75px'),
(5330, 'img/emojis/emoji_spritesheet_3.png', ':performing_arts:', -500, -50, '850px 75px'),
(5331, 'img/emojis/emoji_spritesheet_3.png', ':round_pushpin:', -525, -50, '850px 75px'),
(5332, 'img/emojis/emoji_spritesheet_3.png', ':triangular_flag_on_post:', -550, -50, '850px 75px'),
(5333, 'img/emojis/emoji_spritesheet_3.png', ':jp:', -575, -50, '850px 75px'),
(5334, 'img/emojis/emoji_spritesheet_3.png', ':kr:', -600, -50, '850px 75px'),
(5335, 'img/emojis/emoji_spritesheet_3.png', ':de:', -625, -50, '850px 75px'),
(5336, 'img/emojis/emoji_spritesheet_3.png', ':cn:', -650, -50, '850px 75px'),
(5337, 'img/emojis/emoji_spritesheet_3.png', ':us:', -675, -50, '850px 75px'),
(5338, 'img/emojis/emoji_spritesheet_3.png', ':fr:', -700, -50, '850px 75px'),
(5339, 'img/emojis/emoji_spritesheet_3.png', ':es:', -725, -50, '850px 75px'),
(5340, 'img/emojis/emoji_spritesheet_3.png', ':it:', -750, -50, '850px 75px'),
(5341, 'img/emojis/emoji_spritesheet_3.png', ':ru:', -775, -50, '850px 75px'),
(5342, 'img/emojis/emoji_spritesheet_3.png', ':gb:', -800, -50, '850px 75px'),
(5343, 'img/emojis/emoji_spritesheet_4.png', ':one:', 0, 0, '850px 175px'),
(5344, 'img/emojis/emoji_spritesheet_4.png', ':two:', -25, 0, '850px 175px'),
(5345, 'img/emojis/emoji_spritesheet_4.png', ':three:', -50, 0, '850px 175px'),
(5346, 'img/emojis/emoji_spritesheet_4.png', ':four:', -75, 0, '850px 175px'),
(5347, 'img/emojis/emoji_spritesheet_4.png', ':five:', -100, 0, '850px 175px'),
(5348, 'img/emojis/emoji_spritesheet_4.png', ':six:', -125, 0, '850px 175px'),
(5349, 'img/emojis/emoji_spritesheet_4.png', ':seven:', -150, 0, '850px 175px'),
(5350, 'img/emojis/emoji_spritesheet_4.png', ':eight:', -175, 0, '850px 175px'),
(5351, 'img/emojis/emoji_spritesheet_4.png', ':nine:', -200, 0, '850px 175px'),
(5352, 'img/emojis/emoji_spritesheet_4.png', ':zero:', -225, 0, '850px 175px'),
(5353, 'img/emojis/emoji_spritesheet_4.png', ':keycap_ten:', -250, 0, '850px 175px'),
(5354, 'img/emojis/emoji_spritesheet_4.png', ':1234:', -275, 0, '850px 175px'),
(5355, 'img/emojis/emoji_spritesheet_4.png', ':hash:', -300, 0, '850px 175px'),
(5356, 'img/emojis/emoji_spritesheet_4.png', ':symbols:', -325, 0, '850px 175px'),
(5357, 'img/emojis/emoji_spritesheet_4.png', ':arrow_up:', -350, 0, '850px 175px'),
(5358, 'img/emojis/emoji_spritesheet_4.png', ':arrow_down:', -375, 0, '850px 175px'),
(5359, 'img/emojis/emoji_spritesheet_4.png', ':arrow_left:', -400, 0, '850px 175px'),
(5360, 'img/emojis/emoji_spritesheet_4.png', ':arrow_right:', -425, 0, '850px 175px'),
(5361, 'img/emojis/emoji_spritesheet_4.png', ':capital_abcd:', -450, 0, '850px 175px'),
(5362, 'img/emojis/emoji_spritesheet_4.png', ':abcd:', -475, 0, '850px 175px'),
(5363, 'img/emojis/emoji_spritesheet_4.png', ':abc:', -500, 0, '850px 175px'),
(5364, 'img/emojis/emoji_spritesheet_4.png', ':arrow_upper_right:', -525, 0, '850px 175px'),
(5365, 'img/emojis/emoji_spritesheet_4.png', ':arrow_upper_left:', -550, 0, '850px 175px'),
(5366, 'img/emojis/emoji_spritesheet_4.png', ':arrow_lower_right:', -575, 0, '850px 175px'),
(5367, 'img/emojis/emoji_spritesheet_4.png', ':arrow_lower_left:', -600, 0, '850px 175px'),
(5368, 'img/emojis/emoji_spritesheet_4.png', ':left_right_arrow:', -625, 0, '850px 175px'),
(5369, 'img/emojis/emoji_spritesheet_4.png', ':arrow_up_down:', -650, 0, '850px 175px'),
(5370, 'img/emojis/emoji_spritesheet_4.png', ':arrows_counterclockwise:', -675, 0, '850px 175px'),
(5371, 'img/emojis/emoji_spritesheet_4.png', ':arrow_backward:', -700, 0, '850px 175px'),
(5372, 'img/emojis/emoji_spritesheet_4.png', ':arrow_forward:', -725, 0, '850px 175px'),
(5373, 'img/emojis/emoji_spritesheet_4.png', ':arrow_up_small:', -750, 0, '850px 175px'),
(5374, 'img/emojis/emoji_spritesheet_4.png', ':arrow_down_small:', -775, 0, '850px 175px'),
(5375, 'img/emojis/emoji_spritesheet_4.png', ':leftwards_arrow_with_hook:', -800, 0, '850px 175px'),
(5376, 'img/emojis/emoji_spritesheet_4.png', ':arrow_right_hook:', -825, 0, '850px 175px'),
(5377, 'img/emojis/emoji_spritesheet_4.png', ':information_source:', 0, -25, '850px 175px'),
(5378, 'img/emojis/emoji_spritesheet_4.png', ':rewind:', -25, -25, '850px 175px'),
(5379, 'img/emojis/emoji_spritesheet_4.png', ':fast_forward:', -50, -25, '850px 175px'),
(5380, 'img/emojis/emoji_spritesheet_4.png', ':arrow_double_up:', -75, -25, '850px 175px'),
(5381, 'img/emojis/emoji_spritesheet_4.png', ':arrow_double_down:', -100, -25, '850px 175px'),
(5382, 'img/emojis/emoji_spritesheet_4.png', ':arrow_heading_down:', -125, -25, '850px 175px'),
(5383, 'img/emojis/emoji_spritesheet_4.png', ':arrow_heading_up:', -150, -25, '850px 175px'),
(5384, 'img/emojis/emoji_spritesheet_4.png', ':ok:', -175, -25, '850px 175px'),
(5385, 'img/emojis/emoji_spritesheet_4.png', ':twisted_rightwards_arrows:', -200, -25, '850px 175px'),
(5386, 'img/emojis/emoji_spritesheet_4.png', ':repeat:', -225, -25, '850px 175px'),
(5387, 'img/emojis/emoji_spritesheet_4.png', ':repeat_one:', -250, -25, '850px 175px'),
(5388, 'img/emojis/emoji_spritesheet_4.png', ':new:', -275, -25, '850px 175px'),
(5389, 'img/emojis/emoji_spritesheet_4.png', ':up:', -300, -25, '850px 175px'),
(5390, 'img/emojis/emoji_spritesheet_4.png', ':cool:', -325, -25, '850px 175px'),
(5391, 'img/emojis/emoji_spritesheet_4.png', ':free:', -350, -25, '850px 175px'),
(5392, 'img/emojis/emoji_spritesheet_4.png', ':ng:', -375, -25, '850px 175px'),
(5393, 'img/emojis/emoji_spritesheet_4.png', ':signal_strength:', -400, -25, '850px 175px'),
(5394, 'img/emojis/emoji_spritesheet_4.png', ':cinema:', -425, -25, '850px 175px'),
(5395, 'img/emojis/emoji_spritesheet_4.png', ':koko:', -450, -25, '850px 175px'),
(5396, 'img/emojis/emoji_spritesheet_4.png', ':u6307:', -475, -25, '850px 175px'),
(5397, 'img/emojis/emoji_spritesheet_4.png', ':u7a7a:', -500, -25, '850px 175px'),
(5398, 'img/emojis/emoji_spritesheet_4.png', ':u6e80:', -525, -25, '850px 175px'),
(5399, 'img/emojis/emoji_spritesheet_4.png', ':u5408:', -550, -25, '850px 175px'),
(5400, 'img/emojis/emoji_spritesheet_4.png', ':u7981:', -575, -25, '850px 175px'),
(5401, 'img/emojis/emoji_spritesheet_4.png', ':ideograph_advantage:', -600, -25, '850px 175px'),
(5402, 'img/emojis/emoji_spritesheet_4.png', ':u5272:', -625, -25, '850px 175px'),
(5403, 'img/emojis/emoji_spritesheet_4.png', ':u55b6:', -650, -25, '850px 175px'),
(5404, 'img/emojis/emoji_spritesheet_4.png', ':u6709:', -675, -25, '850px 175px'),
(5405, 'img/emojis/emoji_spritesheet_4.png', ':u7121:', -700, -25, '850px 175px'),
(5406, 'img/emojis/emoji_spritesheet_4.png', ':restroom:', -725, -25, '850px 175px'),
(5407, 'img/emojis/emoji_spritesheet_4.png', ':mens:', -750, -25, '850px 175px'),
(5408, 'img/emojis/emoji_spritesheet_4.png', ':womens:', -775, -25, '850px 175px'),
(5409, 'img/emojis/emoji_spritesheet_4.png', ':baby_symbol:', -800, -25, '850px 175px'),
(5410, 'img/emojis/emoji_spritesheet_4.png', ':wc:', -825, -25, '850px 175px'),
(5411, 'img/emojis/emoji_spritesheet_4.png', ':potable_water:', 0, -50, '850px 175px'),
(5412, 'img/emojis/emoji_spritesheet_4.png', ':put_litter_in_its_place:', -25, -50, '850px 175px'),
(5413, 'img/emojis/emoji_spritesheet_4.png', ':parking:', -50, -50, '850px 175px'),
(5414, 'img/emojis/emoji_spritesheet_4.png', ':wheelchair:', -75, -50, '850px 175px'),
(5415, 'img/emojis/emoji_spritesheet_4.png', ':no_smoking:', -100, -50, '850px 175px'),
(5416, 'img/emojis/emoji_spritesheet_4.png', ':u6708:', -125, -50, '850px 175px'),
(5417, 'img/emojis/emoji_spritesheet_4.png', ':u7533:', -150, -50, '850px 175px'),
(5418, 'img/emojis/emoji_spritesheet_4.png', ':sa:', -175, -50, '850px 175px'),
(5419, 'img/emojis/emoji_spritesheet_4.png', ':m:', -200, -50, '850px 175px'),
(5420, 'img/emojis/emoji_spritesheet_4.png', ':passport_control:', -225, -50, '850px 175px'),
(5421, 'img/emojis/emoji_spritesheet_4.png', ':baggage_claim:', -250, -50, '850px 175px'),
(5422, 'img/emojis/emoji_spritesheet_4.png', ':left_luggage:', -275, -50, '850px 175px'),
(5423, 'img/emojis/emoji_spritesheet_4.png', ':customs:', -300, -50, '850px 175px'),
(5424, 'img/emojis/emoji_spritesheet_4.png', ':accept:', -325, -50, '850px 175px'),
(5425, 'img/emojis/emoji_spritesheet_4.png', ':secret:', -350, -50, '850px 175px'),
(5426, 'img/emojis/emoji_spritesheet_4.png', ':congratulations:', -375, -50, '850px 175px'),
(5427, 'img/emojis/emoji_spritesheet_4.png', ':cl:', -400, -50, '850px 175px'),
(5428, 'img/emojis/emoji_spritesheet_4.png', ':sos:', -425, -50, '850px 175px'),
(5429, 'img/emojis/emoji_spritesheet_4.png', ':id:', -450, -50, '850px 175px'),
(5430, 'img/emojis/emoji_spritesheet_4.png', ':no_entry_sign:', -475, -50, '850px 175px'),
(5431, 'img/emojis/emoji_spritesheet_4.png', ':underage:', -500, -50, '850px 175px'),
(5432, 'img/emojis/emoji_spritesheet_4.png', ':no_mobile_phones:', -525, -50, '850px 175px'),
(5433, 'img/emojis/emoji_spritesheet_4.png', ':do_not_litter:', -550, -50, '850px 175px'),
(5434, 'img/emojis/emoji_spritesheet_4.png', ':non-potable_water:', -575, -50, '850px 175px'),
(5435, 'img/emojis/emoji_spritesheet_4.png', ':no_bicycles:', -600, -50, '850px 175px'),
(5436, 'img/emojis/emoji_spritesheet_4.png', ':no_pedestrians:', -625, -50, '850px 175px'),
(5437, 'img/emojis/emoji_spritesheet_4.png', ':children_crossing:', -650, -50, '850px 175px'),
(5438, 'img/emojis/emoji_spritesheet_4.png', ':no_entry:', -675, -50, '850px 175px'),
(5439, 'img/emojis/emoji_spritesheet_4.png', ':eight_spoked_asterisk:', -700, -50, '850px 175px'),
(5440, 'img/emojis/emoji_spritesheet_4.png', ':sparkle:', -725, -50, '850px 175px'),
(5441, 'img/emojis/emoji_spritesheet_4.png', ':negative_squared_cross_mark:', -750, -50, '850px 175px'),
(5442, 'img/emojis/emoji_spritesheet_4.png', ':white_check_mark:', -775, -50, '850px 175px'),
(5443, 'img/emojis/emoji_spritesheet_4.png', ':eight_pointed_black_star:', -800, -50, '850px 175px'),
(5444, 'img/emojis/emoji_spritesheet_4.png', ':heart_decoration:', -825, -50, '850px 175px'),
(5445, 'img/emojis/emoji_spritesheet_4.png', ':vs:', 0, -75, '850px 175px'),
(5446, 'img/emojis/emoji_spritesheet_4.png', ':vibration_mode:', -25, -75, '850px 175px'),
(5447, 'img/emojis/emoji_spritesheet_4.png', ':mobile_phone_off:', -50, -75, '850px 175px'),
(5448, 'img/emojis/emoji_spritesheet_4.png', ':a:', -75, -75, '850px 175px'),
(5449, 'img/emojis/emoji_spritesheet_4.png', ':b:', -100, -75, '850px 175px'),
(5450, 'img/emojis/emoji_spritesheet_4.png', ':ab:', -125, -75, '850px 175px'),
(5451, 'img/emojis/emoji_spritesheet_4.png', ':o2:', -150, -75, '850px 175px'),
(5452, 'img/emojis/emoji_spritesheet_4.png', ':diamond_shape_with_a_dot_inside:', -175, -75, '850px 175px'),
(5453, 'img/emojis/emoji_spritesheet_4.png', ':loop:', -200, -75, '850px 175px'),
(5454, 'img/emojis/emoji_spritesheet_4.png', ':recycle:', -225, -75, '850px 175px'),
(5455, 'img/emojis/emoji_spritesheet_4.png', ':aries:', -250, -75, '850px 175px'),
(5456, 'img/emojis/emoji_spritesheet_4.png', ':taurus:', -275, -75, '850px 175px'),
(5457, 'img/emojis/emoji_spritesheet_4.png', ':gemini:', -300, -75, '850px 175px'),
(5458, 'img/emojis/emoji_spritesheet_4.png', ':cancer:', -325, -75, '850px 175px'),
(5459, 'img/emojis/emoji_spritesheet_4.png', ':leo:', -350, -75, '850px 175px'),
(5460, 'img/emojis/emoji_spritesheet_4.png', ':virgo:', -375, -75, '850px 175px'),
(5461, 'img/emojis/emoji_spritesheet_4.png', ':libra:', -400, -75, '850px 175px'),
(5462, 'img/emojis/emoji_spritesheet_4.png', ':scorpius:', -425, -75, '850px 175px'),
(5463, 'img/emojis/emoji_spritesheet_4.png', ':sagittarius:', -450, -75, '850px 175px'),
(5464, 'img/emojis/emoji_spritesheet_4.png', ':capricorn:', -475, -75, '850px 175px'),
(5465, 'img/emojis/emoji_spritesheet_4.png', ':aquarius:', -500, -75, '850px 175px'),
(5466, 'img/emojis/emoji_spritesheet_4.png', ':pisces:', -525, -75, '850px 175px'),
(5467, 'img/emojis/emoji_spritesheet_4.png', ':ophiuchus:', -550, -75, '850px 175px'),
(5468, 'img/emojis/emoji_spritesheet_4.png', ':six_pointed_star:', -575, -75, '850px 175px'),
(5469, 'img/emojis/emoji_spritesheet_4.png', ':atm:', -600, -75, '850px 175px'),
(5470, 'img/emojis/emoji_spritesheet_4.png', ':chart:', -625, -75, '850px 175px'),
(5471, 'img/emojis/emoji_spritesheet_4.png', ':heavy_dollar_sign:', -650, -75, '850px 175px'),
(5472, 'img/emojis/emoji_spritesheet_4.png', ':currency_exchange:', -675, -75, '850px 175px'),
(5473, 'img/emojis/emoji_spritesheet_4.png', ':copyright:', -700, -75, '850px 175px'),
(5474, 'img/emojis/emoji_spritesheet_4.png', ':registered:', -725, -75, '850px 175px'),
(5475, 'img/emojis/emoji_spritesheet_4.png', ':tm:', -750, -75, '850px 175px'),
(5476, 'img/emojis/emoji_spritesheet_4.png', ':x:', -775, -75, '850px 175px'),
(5477, 'img/emojis/emoji_spritesheet_4.png', ':bangbang:', -800, -75, '850px 175px'),
(5478, 'img/emojis/emoji_spritesheet_4.png', ':interrobang:', -825, -75, '850px 175px'),
(5479, 'img/emojis/emoji_spritesheet_4.png', ':exclamation:', 0, -100, '850px 175px'),
(5480, 'img/emojis/emoji_spritesheet_4.png', ':question:', -25, -100, '850px 175px'),
(5481, 'img/emojis/emoji_spritesheet_4.png', ':grey_exclamation:', -50, -100, '850px 175px'),
(5482, 'img/emojis/emoji_spritesheet_4.png', ':grey_question:', -75, -100, '850px 175px'),
(5483, 'img/emojis/emoji_spritesheet_4.png', ':o:', -100, -100, '850px 175px'),
(5484, 'img/emojis/emoji_spritesheet_4.png', ':top:', -125, -100, '850px 175px'),
(5485, 'img/emojis/emoji_spritesheet_4.png', ':end:', -150, -100, '850px 175px'),
(5486, 'img/emojis/emoji_spritesheet_4.png', ':back:', -175, -100, '850px 175px'),
(5487, 'img/emojis/emoji_spritesheet_4.png', ':on:', -200, -100, '850px 175px'),
(5488, 'img/emojis/emoji_spritesheet_4.png', ':soon:', -225, -100, '850px 175px'),
(5489, 'img/emojis/emoji_spritesheet_4.png', ':arrows_clockwise:', -250, -100, '850px 175px'),
(5490, 'img/emojis/emoji_spritesheet_4.png', ':clock12:', -275, -100, '850px 175px'),
(5491, 'img/emojis/emoji_spritesheet_4.png', ':clock1230:', -300, -100, '850px 175px'),
(5492, 'img/emojis/emoji_spritesheet_4.png', ':clock1:', -325, -100, '850px 175px'),
(5493, 'img/emojis/emoji_spritesheet_4.png', ':clock130:', -350, -100, '850px 175px'),
(5494, 'img/emojis/emoji_spritesheet_4.png', ':clock2:', -375, -100, '850px 175px'),
(5495, 'img/emojis/emoji_spritesheet_4.png', ':clock230:', -400, -100, '850px 175px'),
(5496, 'img/emojis/emoji_spritesheet_4.png', ':clock3:', -425, -100, '850px 175px'),
(5497, 'img/emojis/emoji_spritesheet_4.png', ':clock330:', -450, -100, '850px 175px'),
(5498, 'img/emojis/emoji_spritesheet_4.png', ':clock4:', -475, -100, '850px 175px'),
(5499, 'img/emojis/emoji_spritesheet_4.png', ':clock430:', -500, -100, '850px 175px'),
(5500, 'img/emojis/emoji_spritesheet_4.png', ':clock5:', -525, -100, '850px 175px'),
(5501, 'img/emojis/emoji_spritesheet_4.png', ':clock530:', -550, -100, '850px 175px'),
(5502, 'img/emojis/emoji_spritesheet_4.png', ':clock6:', -575, -100, '850px 175px'),
(5503, 'img/emojis/emoji_spritesheet_4.png', ':clock7:', -600, -100, '850px 175px'),
(5504, 'img/emojis/emoji_spritesheet_4.png', ':clock8:', -625, -100, '850px 175px'),
(5505, 'img/emojis/emoji_spritesheet_4.png', ':clock9:', -650, -100, '850px 175px'),
(5506, 'img/emojis/emoji_spritesheet_4.png', ':clock10:', -675, -100, '850px 175px'),
(5507, 'img/emojis/emoji_spritesheet_4.png', ':clock11:', -700, -100, '850px 175px'),
(5508, 'img/emojis/emoji_spritesheet_4.png', ':clock630:', -725, -100, '850px 175px'),
(5509, 'img/emojis/emoji_spritesheet_4.png', ':clock730:', -750, -100, '850px 175px'),
(5510, 'img/emojis/emoji_spritesheet_4.png', ':clock830:', -775, -100, '850px 175px'),
(5511, 'img/emojis/emoji_spritesheet_4.png', ':clock930:', -800, -100, '850px 175px'),
(5512, 'img/emojis/emoji_spritesheet_4.png', ':clock1030:', -825, -100, '850px 175px'),
(5513, 'img/emojis/emoji_spritesheet_4.png', ':clock1130:', 0, -125, '850px 175px'),
(5514, 'img/emojis/emoji_spritesheet_4.png', ':heavy_multiplication_x:', -25, -125, '850px 175px'),
(5515, 'img/emojis/emoji_spritesheet_4.png', ':heavy_plus_sign:', -50, -125, '850px 175px'),
(5516, 'img/emojis/emoji_spritesheet_4.png', ':heavy_minus_sign:', -75, -125, '850px 175px'),
(5517, 'img/emojis/emoji_spritesheet_4.png', ':heavy_division_sign:', -100, -125, '850px 175px'),
(5518, 'img/emojis/emoji_spritesheet_4.png', ':spades:', -125, -125, '850px 175px'),
(5519, 'img/emojis/emoji_spritesheet_4.png', ':hearts:', -150, -125, '850px 175px'),
(5520, 'img/emojis/emoji_spritesheet_4.png', ':clubs:', -175, -125, '850px 175px'),
(5521, 'img/emojis/emoji_spritesheet_4.png', ':diamonds:', -200, -125, '850px 175px'),
(5522, 'img/emojis/emoji_spritesheet_4.png', ':white_flower:', -225, -125, '850px 175px'),
(5523, 'img/emojis/emoji_spritesheet_4.png', ':100:', -250, -125, '850px 175px'),
(5524, 'img/emojis/emoji_spritesheet_4.png', ':heavy_check_mark:', -275, -125, '850px 175px'),
(5525, 'img/emojis/emoji_spritesheet_4.png', ':ballot_box_with_check:', -300, -125, '850px 175px'),
(5526, 'img/emojis/emoji_spritesheet_4.png', ':radio_button:', -325, -125, '850px 175px'),
(5527, 'img/emojis/emoji_spritesheet_4.png', ':link:', -350, -125, '850px 175px'),
(5528, 'img/emojis/emoji_spritesheet_4.png', ':curly_loop:', -375, -125, '850px 175px'),
(5529, 'img/emojis/emoji_spritesheet_4.png', ':wavy_dash:', -400, -125, '850px 175px'),
(5530, 'img/emojis/emoji_spritesheet_4.png', ':part_alternation_mark:', -425, -125, '850px 175px'),
(5531, 'img/emojis/emoji_spritesheet_4.png', ':trident:', -450, -125, '850px 175px'),
(5532, 'img/emojis/emoji_spritesheet_4.png', ':black_medium_square:', -475, -125, '850px 175px'),
(5533, 'img/emojis/emoji_spritesheet_4.png', ':white_medium_square:', -500, -125, '850px 175px'),
(5534, 'img/emojis/emoji_spritesheet_4.png', ':black_medium_small_square:', -525, -125, '850px 175px'),
(5535, 'img/emojis/emoji_spritesheet_4.png', ':white_medium_small_square:', -550, -125, '850px 175px'),
(5536, 'img/emojis/emoji_spritesheet_4.png', ':black_small_square:', -575, -125, '850px 175px'),
(5537, 'img/emojis/emoji_spritesheet_4.png', ':white_small_square:', -600, -125, '850px 175px'),
(5538, 'img/emojis/emoji_spritesheet_4.png', ':small_red_triangle:', -625, -125, '850px 175px'),
(5539, 'img/emojis/emoji_spritesheet_4.png', ':black_square_button:', -650, -125, '850px 175px'),
(5540, 'img/emojis/emoji_spritesheet_4.png', ':white_square_button:', -675, -125, '850px 175px'),
(5541, 'img/emojis/emoji_spritesheet_4.png', ':black_circle:', -700, -125, '850px 175px'),
(5542, 'img/emojis/emoji_spritesheet_4.png', ':white_circle:', -725, -125, '850px 175px'),
(5543, 'img/emojis/emoji_spritesheet_4.png', ':red_circle:', -750, -125, '850px 175px'),
(5544, 'img/emojis/emoji_spritesheet_4.png', ':large_blue_circle:', -775, -125, '850px 175px'),
(5545, 'img/emojis/emoji_spritesheet_4.png', ':small_red_triangle_down:', -800, -125, '850px 175px'),
(5546, 'img/emojis/emoji_spritesheet_4.png', ':white_large_square:', -825, -125, '850px 175px'),
(5547, 'img/emojis/emoji_spritesheet_4.png', ':black_large_square:', 0, -150, '850px 175px'),
(5548, 'img/emojis/emoji_spritesheet_4.png', ':large_orange_diamond:', -25, -150, '850px 175px'),
(5549, 'img/emojis/emoji_spritesheet_4.png', ':large_blue_diamond:', -50, -150, '850px 175px'),
(5550, 'img/emojis/emoji_spritesheet_4.png', ':small_orange_diamond:', -75, -150, '850px 175px'),
(5551, 'img/emojis/emoji_spritesheet_4.png', ':small_blue_diamond:', -100, -150, '850px 175px');

-- --------------------------------------------------------

--
-- Table structure for table `hot_or_not_matches`
--

CREATE TABLE `hot_or_not_matches` (
  `id` int(11) NOT NULL,
  `user_one_id` int(11) NOT NULL,
  `user_two_id` int(11) NOT NULL,
  `date` timestamp NULL DEFAULT CURRENT_TIMESTAMP,
  `user_one_seen` tinyint(1) NOT NULL DEFAULT '0',
  `user_two_seen` tinyint(1) NOT NULL DEFAULT '0'
) ENGINE=MyISAM DEFAULT CHARSET=latin1;

--
-- Dumping data for table `hot_or_not_matches`
--

INSERT INTO `hot_or_not_matches` (`id`, `user_one_id`, `user_two_id`, `date`, `user_one_seen`, `user_two_seen`) VALUES
(8, 1, 2, '2018-08-09 11:11:01', 1, 1),
(7, 2, 3, '2018-08-04 14:33:52', 1, 1),
(6, 1, 2, '2018-07-29 16:44:57', 1, 1),
(9, 2, 1, '2018-08-09 11:11:12', 1, 1),
(10, 2, 1, '2018-08-11 13:12:58', 1, 1),
(11, 1, 2, '2018-08-11 13:13:00', 1, 1),
(12, 1, 2, '2018-08-12 08:21:48', 1, 1),
(13, 1, 2, '2018-08-12 13:00:00', 1, 1),
(14, 1, 13, '2018-08-13 11:29:38', 1, 1),
(15, 2, 1, '2018-08-15 14:51:06', 1, 1),
(16, 1, 2, '2018-08-18 13:24:39', 1, 1),
(17, 1, 20, '2018-08-22 21:39:30', 1, 1),
(18, 2, 20, '2018-11-16 15:21:38', 0, 0),
(19, 1, 13, '2018-12-08 11:30:43', 1, 0),
(20, 1, 20, '2018-12-08 11:41:46', 1, 0),
(21, 1, 13, '2018-12-08 11:41:50', 1, 0),
(22, 1, 21, '2018-12-08 11:41:54', 1, 0),
(23, 25, 1, '2019-01-06 16:59:13', 1, 1),
(24, 1, 25, '2020-06-06 10:53:27', 1, 0),
(25, 1, 25, '2021-08-02 21:02:14', 1, 0);

-- --------------------------------------------------------

--
-- Table structure for table `hot_or_not_pics`
--

CREATE TABLE `hot_or_not_pics` (
  `id` int(11) NOT NULL,
  `user_id` int(11) NOT NULL,
  `image_id` int(11) NOT NULL
) ENGINE=MyISAM DEFAULT CHARSET=utf8 COLLATE=utf8_unicode_ci;

--
-- Dumping data for table `hot_or_not_pics`
--

INSERT INTO `hot_or_not_pics` (`id`, `user_id`, `image_id`) VALUES
(36, 22, 121),
(35, 21, 120),
(32, 13, 78),
(33, 15, 103),
(34, 20, 117),
(38, 25, 139),
(37, 1, 128),
(22, 2, 59),
(24, 2, 61),
(25, 2, 62);

-- --------------------------------------------------------

--
-- Table structure for table `hot_or_not_voted`
--

CREATE TABLE `hot_or_not_voted` (
  `id` int(11) NOT NULL,
  `voter_id` int(11) NOT NULL,
  `voted_id` int(11) NOT NULL,
  `time_voted` timestamp NOT NULL DEFAULT CURRENT_TIMESTAMP,
  `is_hearted` tinyint(1) NOT NULL DEFAULT '0',
  `is_rejected` tinyint(1) NOT NULL DEFAULT '0',
  `is_flowered` tinyint(1) NOT NULL DEFAULT '0',
  `is_messaged` tinyint(1) NOT NULL DEFAULT '0'
) ENGINE=MyISAM DEFAULT CHARSET=utf8 COLLATE=utf8_unicode_ci;

--
-- Dumping data for table `hot_or_not_voted`
--

INSERT INTO `hot_or_not_voted` (`id`, `voter_id`, `voted_id`, `time_voted`, `is_hearted`, `is_rejected`, `is_flowered`, `is_messaged`) VALUES
(162, 1, 21, '2019-01-06 16:24:15', 0, 1, 0, 0),
(161, 1, 20, '2019-01-06 16:24:13', 1, 0, 0, 0),
(160, 19, 22, '2018-12-23 06:43:44', 0, 0, 0, 0),
(159, 1, 15, '2018-12-22 14:33:55', 1, 0, 0, 0),
(158, 1, 22, '2018-12-22 14:33:00', 1, 0, 0, 0),
(163, 25, 22, '2019-01-06 16:44:45', 1, 0, 0, 0),
(164, 25, 20, '2019-01-06 16:44:57', 1, 0, 0, 0),
(165, 25, 21, '2019-01-06 16:44:59', 1, 0, 0, 0),
(166, 1, 2, '2019-01-06 16:45:46', 1, 0, 0, 0),
(167, 1, 25, '2019-01-06 16:45:48', 1, 0, 0, 0),
(168, 25, 1, '2019-01-06 16:59:09', 1, 0, 0, 0),
(169, 25, 15, '2019-01-06 16:59:13', 1, 0, 0, 0),
(170, 27, 15, '2019-01-06 17:08:21', 0, 1, 0, 0),
(171, 27, 1, '2019-01-06 17:08:47', 0, 1, 0, 0),
(172, 27, 25, '2019-01-06 17:08:51', 1, 0, 0, 0),
(173, 1, 20, '2019-02-13 09:49:25', 1, 0, 0, 0),
(174, 1, 20, '2019-03-31 11:10:57', 1, 0, 0, 0),
(175, 1, 25, '2019-04-08 15:35:31', 1, 0, 0, 0),
(176, 1, 20, '2020-06-06 10:53:27', 1, 0, 0, 0),
(177, 1, 20, '2020-09-19 08:52:13', 1, 0, 0, 0),
(178, 1, 20, '2021-08-02 20:59:18', 1, 0, 0, 0),
(179, 1, 25, '2021-08-02 20:59:20', 1, 0, 0, 0),
(180, 1, 22, '2021-08-02 21:02:14', 0, 1, 0, 0),
(181, 1, 15, '2021-08-02 21:02:19', 1, 0, 0, 0),
(182, 1, 21, '2021-08-02 21:02:25', 1, 0, 0, 0);

-- --------------------------------------------------------

--
-- Table structure for table `images`
--

CREATE TABLE `images` (
  `id` int(11) NOT NULL,
  `user_id` int(11) NOT NULL,
  `date` timestamp NOT NULL DEFAULT CURRENT_TIMESTAMP,
  `path` varchar(999) COLLATE utf8_unicode_ci NOT NULL,
  `is_pp` tinyint(1) NOT NULL DEFAULT '0',
  `is_feed` tinyint(1) NOT NULL DEFAULT '0',
  `is_hot_or_not` tinyint(1) NOT NULL DEFAULT '0',
  `is_message` tinyint(1) NOT NULL DEFAULT '0',
  `is_story` tinyint(1) NOT NULL DEFAULT '0'
) ENGINE=MyISAM DEFAULT CHARSET=utf8 COLLATE=utf8_unicode_ci;

--
-- Dumping data for table `images`
--

INSERT INTO `images` (`id`, `user_id`, `date`, `path`, `is_pp`, `is_feed`, `is_hot_or_not`, `is_message`, `is_story`) VALUES
(12, 1, '2018-07-21 21:10:09', 'hot-or-not-pics/dd512ac399ffa5a34966ea04e6a128b1.jpg', 0, 0, 1, 9, 0),
(11, 1, '2018-07-21 21:09:51', 'hot-or-not-pics/8faec6eff4989f15bc46bc2f8fb504c2.jpg', 0, 0, 1, 9, 0),
(10, 1, '2018-07-21 21:01:16', 'hot-or-not-pics/f6593bafae2b1b98d35fb7dff3643e48.jpg', 0, 0, 1, 9, 0),
(9, 1, '2018-07-21 21:00:51', 'hot-or-not-pics/ba21cba7945acd90ac4079131e09451a.jpg', 0, 0, 0, 9, 0),
(13, 1, '2018-07-21 21:10:18', 'hot-or-not-pics/5b25ad5a3251190b01396085a914a444.jpg', 0, 0, 1, 9, 0),
(14, 1, '2018-07-21 21:10:27', 'hot-or-not-pics/d4b84022fc544a479b3aeeb9ade6230e.jpg', 0, 0, 1, 9, 0),
(15, 1, '2018-07-21 21:10:30', 'hot-or-not-pics/10a78ebe0885a3db65004c66027738df.jpg', 0, 0, 1, 9, 0),
(16, 1, '2018-07-21 21:10:37', 'hot-or-not-pics/0f96c7599a60bf0f859ca1e7e9e7b6de.jpg', 0, 0, 1, 9, 0),
(17, 1, '2018-07-21 21:10:41', 'hot-or-not-pics/3983877dd39671ad786bd5cc76c7611a.jpg', 0, 0, 1, 9, 0),
(18, 1, '2018-07-21 21:10:46', 'hot-or-not-pics/ec147cff54ede04bd1ba587e71be439b.jpg', 0, 0, 1, 9, 0),
(19, 1, '2018-07-21 21:15:44', 'hot-or-not-pics/109beec0fd697344de854e1894d27822.jpg', 0, 0, 1, 9, 0),
(20, 2, '2018-07-22 07:33:02', 'hot-or-not-pics/c162aad318e38b044c88311132357175.jpg', 0, 0, 1, 9, 0),
(21, 2, '2018-07-22 07:33:22', 'hot-or-not-pics/caacd1208f22e510dd15f28442e43dfe.jpg', 0, 0, 1, 9, 0),
(22, 2, '2018-07-22 07:34:16', 'hot-or-not-pics/ede209c6ca26a3f7849c43a7ecdcec66.jpg', 0, 0, 1, 9, 0),
(23, 3, '2018-07-22 17:59:38', 'hot-or-not-pics/a6d7500926029dea385712be67e83d07.jpg', 0, 0, 1, 9, 0),
(24, 1, '2018-07-23 18:16:27', 'chat-pics/59d6818f515c1ff34ecb0bee5a4528fa.jpg', 0, 0, 0, 1, 0),
(25, 2, '2018-07-23 18:31:27', 'chat-pics/0c967b733e45053bb5947e5546893827.jpg', 0, 0, 0, 1, 0),
(26, 2, '2018-07-23 18:33:35', 'chat-pics/2510588c6296f7ef1517327c1c5ef439.jpg', 0, 0, 0, 1, 0),
(27, 1, '2018-07-23 18:35:19', 'chat-pics/5f46281ef5c7a93357262ec030d1b83b.jpg', 0, 0, 0, 1, 0),
(28, 2, '2018-07-23 18:35:38', 'chat-pics/fd6f0a5ed8de15b6898e9bca3e50cc6c.jpg', 0, 0, 0, 1, 0),
(29, 1, '2018-07-23 18:38:06', 'chat-pics/b86d73dab46ebc7e0a293251645157ea.jpg', 0, 0, 0, 1, 0),
(30, 2, '2018-07-23 18:40:03', 'chat-pics/a7a110261330c35dd10e34b77191be81.jpg', 0, 0, 0, 1, 0),
(31, 2, '2018-07-23 18:42:57', 'chat-pics/82790196a7ffe9ba2376129d1fdeb003.jpg', 0, 0, 0, 1, 0),
(32, 2, '2018-07-23 18:45:35', 'chat-pics/6bcb95bc660b7d9f574b2e7df5f3c413.jpg', 0, 0, 0, 1, 0),
(33, 1, '2018-07-23 18:50:40', 'chat-pics/3113f182d15e39ecda3fd7168408ab83.jpg', 0, 0, 0, 1, 0),
(34, 2, '2018-07-23 18:51:44', 'chat-pics/37065ff42349f4a790aacf8c9c5313ad.jpg', 0, 0, 0, 1, 0),
(35, 1, '2018-07-23 18:51:51', 'chat-pics/7d3a192b562a44191652a9074218374a.jpg', 0, 0, 0, 1, 0),
(36, 2, '2018-07-23 18:52:07', 'chat-pics/82c2a583918c84344f7f6d16362ee0a4.png', 0, 0, 0, 1, 0),
(37, 1, '2018-07-23 18:56:33', 'chat-pics/95d65a5f7449ee5ab8292c44022253c6.jpg', 0, 0, 0, 1, 0),
(38, 2, '2018-07-23 18:59:12', 'chat-pics/d7146a2cbcc21514b904347265fbb97f.jpg', 0, 0, 0, 1, 0),
(39, 1, '2018-07-23 19:00:33', 'chat-pics/3239424fd9503f5a4f7ed16cef5d7edd.jpg', 0, 0, 0, 1, 0),
(40, 2, '2018-07-23 19:01:37', 'chat-pics/3384f584cc741eb45df2733674c700f1.jpg', 0, 0, 0, 1, 0),
(41, 1, '2018-07-24 09:15:42', 'chat-pics/5493b736c06862485adf3d10f166090d.jpg', 0, 0, 0, 1, 0),
(42, 1, '2018-07-24 10:20:03', 'chat-pics/31bbf52c81204b4f74b88d0811641745.jpg', 0, 0, 0, 1, 0),
(43, 1, '2018-07-24 10:21:56', 'chat-pics/e93a05623ba95dfcf558d3b2707541b1.jpg', 0, 0, 0, 1, 0),
(44, 1, '2018-07-24 11:00:53', 'hot-or-not-pics/5638a084f272e75f137561fd2edfed60.jpg', 0, 0, 1, 0, 0),
(45, 1, '2018-07-25 08:12:25', 'hot-or-not-pics/a3038ca54d1a47a986cd3df240f77fdf.jpg', 0, 0, 1, 0, 0),
(46, 1, '2018-08-06 18:37:41', 'profile-pics/ce965f122cc4da6d14a2ce2bd7bcc4ca.jpg', 1, 0, 0, 0, 0),
(47, 1, '2018-08-06 18:38:09', 'profile-pics/8bf05eb30d9a70a08a725bfd6c81dec5.jpg', 1, 0, 0, 0, 0),
(48, 1, '2018-08-07 20:18:06', 'hot-or-not-pics/11a8722353f091181c62cdee09d4e34f.jpg', 0, 0, 1, 0, 0),
(49, 1, '2018-08-07 20:18:46', 'hot-or-not-pics/3afdf442a9e3323bca005caecd65dfe6.jpg', 0, 0, 1, 0, 0),
(50, 1, '2018-08-07 20:19:02', 'hot-or-not-pics/a53bb9dac4f74f39063ffca5452bf60c.jpg', 0, 0, 1, 0, 0),
(51, 1, '2018-08-07 21:22:12', 'hot-or-not-pics/6b6728a82fe37843410fed9f2dc17ca6.jpg', 0, 0, 1, 0, 0),
(52, 1, '2018-08-07 21:24:32', 'hot-or-not-pics/9672d09f327daa4d1940bfcde95c0a42.jpg', 0, 0, 1, 0, 0),
(53, 1, '2018-08-07 21:24:34', 'hot-or-not-pics/4533f5946a8cd7924b0401980e83b428.jpg', 0, 0, 1, 0, 0),
(54, 1, '2018-08-07 21:24:37', 'hot-or-not-pics/04925e0a1e03460dba10aedd13a6f177.jpg', 0, 0, 1, 0, 0),
(55, 1, '2018-08-07 21:24:40', 'hot-or-not-pics/b40c9d593a03c2d87b1e6b89a6b25e1e.jpg', 0, 0, 1, 0, 0),
(56, 1, '2018-08-07 21:24:43', 'hot-or-not-pics/0f7ebf2d2646e628b6f9bb045b9b6a43.jpg', 0, 0, 1, 0, 0),
(57, 2, '2018-08-07 21:30:25', 'hot-or-not-pics/c7c1ad4f87e513ac8181dadacb82119d.jpg', 0, 0, 1, 0, 0),
(58, 2, '2018-08-07 21:30:40', 'hot-or-not-pics/87884e449f4bfcb1c5b71b55cbd91028.jpg', 0, 0, 1, 0, 0),
(59, 2, '2018-08-07 21:35:00', 'hot-or-not-pics/581b93084d52e0c0e1b1f958fa015a7b.jpg', 0, 0, 1, 0, 0),
(60, 2, '2018-08-07 21:35:57', 'hot-or-not-pics/fcf50550416aae468240932056e059e3.jpg', 0, 0, 1, 0, 0),
(61, 2, '2018-08-07 21:36:01', 'hot-or-not-pics/4c17ccfea8bf717ad1af8724299e81ff.jpg', 0, 0, 1, 0, 0),
(62, 2, '2018-08-07 21:36:12', 'hot-or-not-pics/0cdc72db0901d1b826028e2707cf07fe.jpg', 0, 0, 1, 0, 0),
(63, 1, '2018-08-08 11:55:45', 'story-pics/5e26344a92fea7d169b398ffc998d7a2.png', 0, 0, 0, 0, 1),
(64, 1, '2018-08-08 11:56:08', 'story-pics/a98550ce33b1b68d77f0f5ee8b7963be.png', 0, 0, 0, 0, 1),
(65, 1, '2018-08-08 11:56:09', 'story-pics/43f9978d830c2f7baf74a743fe303aa6.png', 0, 0, 0, 0, 1),
(66, 1, '2018-08-08 11:57:14', 'story-pics/67fddb2512e03c38c5525508854fc71a.png', 0, 0, 0, 0, 1),
(67, 1, '2018-08-08 11:57:31', 'story-pics/78e9d4363fb2b2fb614a7adf8c6abfb7.png', 0, 0, 0, 0, 1),
(68, 1, '2018-08-08 11:57:46', 'story-pics/d6e7e16c8e98a524311ddaac46884b72.png', 0, 0, 0, 0, 1),
(69, 1, '2018-08-08 11:57:54', 'story-pics/d5f3782f718e7ace98eb7c0f12f0431c.png', 0, 0, 0, 0, 1),
(70, 1, '2018-08-08 11:58:46', 'story-pics/575c87acb967317f0e0b334abd9e1820.png', 0, 0, 0, 0, 1),
(71, 1, '2018-08-08 14:08:44', 'story-pics/48987e363cdd720ea6b1432dd219cc79.jpg', 0, 0, 0, 0, 1),
(72, 1, '2018-08-08 14:36:32', 'hot-or-not-pics/bffb89b4f6f1c32cd7784320a48c55b6.jpg', 0, 0, 1, 0, 0),
(73, 1, '2018-08-09 11:17:35', 'chat-pics/cbb5a0e9ac20625eee92677e638abbe6.jpg', 0, 0, 0, 1, 0),
(74, 1, '2018-08-09 11:26:31', 'story-pics/38eb19fa19a1c444b56cd648c39d8f62.jpg', 0, 0, 0, 0, 1),
(75, 1, '2018-08-10 22:49:30', 'chat-pics/44815bda1680d9ecf4e787ba53e93868.jpg', 0, 0, 0, 1, 0),
(76, 1, '2018-08-10 22:57:44', 'chat-pics/7b0a9142bb72f59a3840ff64ed866cbe.jpg', 0, 0, 0, 1, 0),
(77, 1, '2018-08-10 22:58:04', 'chat-pics/83db576c8d54c7f1b7627f8835aa7837.jpg', 0, 0, 0, 1, 0),
(78, 1, '2018-08-11 10:11:42', 'profile-pics/47bb81b59255adc33e769d741a92744c.jpg', 1, 0, 0, 0, 0),
(79, 2, '2018-08-11 13:15:00', 'story-pics/c9727e8b88c7de340bcf196b63fce9de.jpg', 0, 0, 0, 0, 1),
(80, 2, '2018-08-11 13:15:54', 'story-pics/dbbadc9384ae95a77f4f2fc6745d4b7d.jpg', 0, 0, 0, 0, 1),
(81, 1, '2018-08-12 07:11:30', 'story-pics/06964b14952bea2cd005b0755cfc09b3.jpg', 0, 0, 0, 0, 1),
(82, 2, '2018-08-12 08:58:34', 'story-pics/5c44fbf85cf17baf14ea6ca26c06ff1f.jpg', 0, 0, 0, 0, 1),
(83, 2, '2018-08-12 08:59:34', 'story-pics/8b51074b64e7acbcad991ca55b89c9ea.jpg', 0, 0, 0, 0, 1),
(84, 1, '2018-08-12 10:45:01', 'hot-or-not-pics/f578a5464fbe5f00d74e9f350db6b28c.png', 0, 0, 1, 0, 0),
(85, 1, '2018-08-12 10:45:03', 'hot-or-not-pics/3325b4394b7d056ba37cceabbb696456.png', 0, 0, 1, 0, 0),
(86, 1, '2018-08-12 10:46:40', 'hot-or-not-pics/7cb859be8abf0bf9b963311ee7f7d5de.png', 0, 0, 1, 0, 0),
(87, 1, '2018-08-12 10:46:42', 'hot-or-not-pics/129ca10f991247735fd0b7019573e321.png', 0, 0, 1, 0, 0),
(88, 2, '2018-08-12 12:40:38', 'story-pics/d46ad8fb4caa4f477f4ef4dd95dcb1d6.jpg', 0, 0, 0, 0, 1),
(89, 1, '2018-08-12 13:00:36', 'hot-or-not-pics/899347ae463689adced720edeed4519a.jpg', 0, 0, 1, 0, 0),
(90, 2, '2018-08-12 13:38:07', 'chat-pics/2c9fcd5696175e3040323280bf9c942f.jpg', 0, 0, 0, 1, 0),
(91, 1, '2018-08-13 09:17:52', 'story-pics/96dcab815d98780e1ae8aa1a28239397.png', 0, 0, 0, 0, 1),
(92, 13, '2018-08-13 11:28:57', 'hot-or-not-pics/09467caaf2048c1d498a39582ea77674.png', 0, 0, 1, 0, 0),
(93, 13, '2018-08-13 15:38:40', 'profile-pics/8a67d604b195e8a265afc56cd5ec6813.png', 1, 0, 0, 0, 0),
(94, 1, '2018-08-15 14:47:37', 'story-pics/5bdb78724ec0a85252e8a3e1ccbf5cdd.jpg', 0, 0, 0, 0, 1),
(95, 1, '2018-08-16 09:12:16', 'posts_pics/98cadb8729a10580ff4cca30d2424e5d.jpg', 0, 0, 0, 0, 0),
(96, 1, '2018-08-16 09:17:27', 'posts_pics/24d21c0324864b7ad95785a598ecf282.jpg', 0, 0, 0, 0, 0),
(97, 1, '2018-08-16 09:25:33', 'posts_pics/5adc5326f595f79a6b2de4b6f3fef45b.jpg', 0, 0, 0, 0, 0),
(98, 1, '2018-08-17 08:24:22', 'posts_pics/cf51847866f029386bd50bc4716a3c4b.jpg', 0, 0, 0, 0, 0),
(99, 1, '2018-08-17 08:32:46', 'story-pics/782fa2d6d3775503598c2998226ba73c.jpg', 0, 0, 0, 0, 1),
(100, 1, '2018-08-17 15:06:36', 'posts_pics/2.0E+21.jpg', 0, 0, 0, 0, 0),
(101, 1, '2018-08-17 15:06:59', 'posts_pics/28c2874c7df7378740e596ccc4efbe3c9877716451eac9f8f33329ea444b5ac7.jpg', 0, 0, 0, 0, 0),
(102, 1, '2018-08-17 15:08:01', 'posts_pics/6cf29c95ea91bcefb27bd39f6ae9c590d511b5a04e8df0777c776dddf81ff3b0.jpg', 0, 0, 0, 0, 0),
(103, 15, '2018-08-18 12:37:29', 'hot-or-not-pics/b5e3469d06dae2c8a8e2de1cd969c27d8870227580f8806e8b7675ba7dab15e0.jpg', 0, 0, 1, 0, 0),
(104, 2, '2018-08-18 13:02:27', 'story-pics/8eb7862c17b9c70532917a6ae1bcfa3cf07cdddf373934f49bb8f8f5108ce869.jpg', 0, 0, 0, 0, 1),
(105, 2, '2018-08-18 13:05:00', 'posts_pics/646a23525772afb57ddf8bcd519e69860980f2a5fd4d8294a13dd2341f7a3340.jpg', 0, 0, 0, 0, 0),
(106, 1, '2018-08-18 13:13:35', 'profile-pics/a459e60a50d556c0f340dad290ab357fe71b821aed27fb2994e7eb3206364237.jpg', 1, 0, 0, 0, 0),
(107, 1, '2018-08-18 13:13:44', 'profile-pics/9764a54c8330378bc76050359bfd4a595b2786e4184276f212a099bf6151b5e1.jpg', 1, 0, 0, 0, 0),
(108, 1, '2018-08-18 13:13:54', 'profile-pics/9d65498beaa35d4bd8088d0eee19411d15863dcfad614b673d2d2727a3a472af.jpg', 1, 0, 0, 0, 0),
(109, 1, '2018-08-18 13:16:18', 'profile-pics/042e9cd6c6cf1d94359136e1a483eeba865887a3b995a28725b38f7c76f743e5.png', 1, 0, 0, 0, 0),
(110, 2, '2018-08-18 13:16:28', 'profile-pics/b0c95cba4b7de4c482ae64493cdc8a7cd42206cb524a953a427bac91e5dd5bd7.jpg', 1, 0, 0, 0, 0),
(111, 1, '2018-08-18 13:23:52', 'story-pics/0ace90f0dd7071021134c34f9daf596b2ae3d8054c7ffca9a94156c247cf69b8.png', 0, 0, 0, 0, 1),
(112, 1, '2018-08-18 13:24:07', 'story-pics/83fd5f2d77f13e9bc8458e105bb92aa66cfda3a2d7e660bccb9f439de9f03afa.png', 0, 0, 0, 0, 1),
(113, 14, '2018-08-18 13:26:11', 'story-pics/5bdabcb3fb53b4eacb4722588424bb03b3fa366d3d52bc125cffa5a345765603.jpg', 0, 0, 0, 0, 1),
(114, 13, '2018-08-18 13:27:44', 'story-pics/cf590350f2408929c362027292f6d68a45f970ace8c7a371f9199662bc8cf20d.jpg', 0, 0, 0, 0, 1),
(115, 8, '2018-08-18 13:28:54', 'story-pics/c994db510db03c551623e016211a01fdf3490964c1824212e466e11780c2f18e.jpg', 0, 0, 0, 0, 1),
(116, 19, '2018-08-18 13:31:24', 'story-pics/856258f783df1e7cf9ca595a16240c1679f5b03ca754583aea50b6861dc90486.jpg', 0, 0, 0, 0, 1),
(117, 19, '2018-08-18 13:31:52', 'hot-or-not-pics/d940fdda13be534fe3a684672770856561e6e994b2c86c49f07394ab06b90653.jpg', 0, 0, 1, 0, 0),
(118, 2, '2018-08-18 14:02:36', 'chat-pics/7d90543af1db507b3bf2220ad83b8aed55361303329c8f5b66e320896d36d64c.png', 0, 0, 0, 1, 0),
(119, 1, '2018-08-22 21:35:39', 'story-pics/a919936a787a48efc3d9a259071dcb200801cc21d60445370f501dfa2bc4801a.jpg', 0, 0, 0, 0, 1),
(120, 21, '2018-08-25 09:08:33', 'hot-or-not-pics/af1b9c2c46abefa728a48aab13824627d7ffe3a101df6fa48fab9b20f5fbcafd.jpg', 0, 0, 1, 0, 0),
(121, 22, '2018-08-25 09:22:55', 'hot-or-not-pics/6a176cbd8c7f8407794b34251f9128e4885d495245adc4a0dedb2b55fcd57a88.jpg', 0, 0, 1, 0, 0),
(122, 22, '2018-08-25 09:24:15', 'story-pics/e1a6298de15b4ca78cb92bed0a0432fa875bdc9a3563d507a9084b4193c9e93d.jpg', 0, 0, 0, 0, 1),
(123, 22, '2018-08-25 09:25:23', 'posts_pics/0824e4a1dbcd517a8006496c9dcf99701d3438fe5b53037e394523ecd15c07d1.jpg', 0, 0, 0, 0, 0),
(124, 22, '2018-08-25 09:26:54', 'story-pics/8f5c589131bc44b6860f302fce01aa3aae05780a306d17e0ae8d6b0ee33df29a.jpg', 0, 0, 0, 0, 1),
(125, 2, '2018-11-16 15:24:42', 'chat-pics/9b62fde7d00a4a87e36c869adeb1d2254fa7c47fdd6daa44bd30e8faacc217f0.jpg', 0, 0, 0, 1, 0),
(126, 2, '2018-12-07 19:43:18', 'story-pics/b25800a06545def18409f079cdf9e6779a2c49e359d34f61b96245e71dcfb2d4.jpg', 0, 0, 0, 0, 1),
(127, 1, '2018-12-07 20:33:29', 'story-pics/7cb11589cceed0562f737e762f9af3a9fdb38bd5a070fd3e95d75342113f8737.png', 0, 0, 0, 0, 1),
(128, 1, '2018-12-08 11:40:14', 'hot-or-not-pics/134aa5663da4dd8803b5edb42ad829f0dd30c86aa9e91d666d38d63d7501bfaf.jpg', 0, 0, 1, 0, 0),
(129, 1, '2018-12-21 06:59:04', 'story-pics/68de86fa7c81ebf87d68896098c4eab9a412fbb85eec06da08041b45731a1644.jpg', 0, 0, 0, 0, 1),
(130, 1, '2018-12-21 07:33:01', 'posts_pics/de72e346bc931f1e9f6c2a7efc9cb673d7d75b838eda753b6c79647d15a0d67c.jpg', 0, 0, 0, 0, 0),
(131, 1, '2018-12-21 07:35:06', 'story-pics/e7be20551102070364126b189a8671c39554baf3fd8edbf1eeaac029e6cdc32e.jpg', 0, 0, 0, 0, 1),
(132, 1, '2018-12-21 16:54:59', 'story-pics/5757ac6d5d35e26a0eed8b07dc6ceae129792eff0eef5e881baa6235b58efd8b.png', 0, 0, 0, 0, 1),
(133, 1, '2018-12-22 11:04:59', 'story-pics/e9eeed76f4334f421e24c2b7e33227957ca5bf93318203627a0684609510ca2a.jpg', 0, 0, 0, 0, 1),
(134, 1, '2018-12-22 12:08:35', 'story-pics/a819e157dfdc82a392b3d1144883f074336c214580af46dfc6a705cbd20c58eb.jpg', 0, 0, 0, 0, 1),
(135, 1, '2018-12-22 12:08:35', 'story-pics/12782883e2ae5001e162d1014002729924db57e75558e9bcdb5ba21dc2306eee.jpg', 0, 0, 0, 0, 1),
(136, 1, '2018-12-22 13:00:14', 'story-pics/83c37318a2dd21acc09991d22e381d2129c7daf6a4718858f38bf3e952584f32.jpg', 0, 0, 0, 0, 1),
(137, 1, '2019-01-06 16:23:20', 'story-pics/d3192e5979cc26b16235588278d24688b1fcd5cd7bbe5c825bb0658b72339541.jpg', 0, 0, 0, 0, 1),
(138, 25, '2019-01-06 16:43:43', 'profile-pics/776b33b2fdbe47e64481d78d1c13d2b1d427dbd4ae56937615a6605d4303b497.jpg', 1, 0, 0, 0, 0),
(139, 25, '2019-01-06 16:44:41', 'hot-or-not-pics/49665c0e460d247780411b16981b23e4bb642c0df8b83327c982e3308d57d2fc.jpg', 0, 0, 1, 0, 0),
(140, 28, '2019-01-06 17:13:29', 'profile-pics/97c67b77b7ab03154a3e9a53faae0f7e145b195a8ca57286b7367a2376b523c1.PNG', 1, 0, 0, 0, 0),
(141, 27, '2019-01-06 17:16:21', 'story-pics/c5f1104a2576ee54e422bb4d51c50190d47e8c1131b80069600101f5b3503b1f.jpg', 0, 0, 0, 0, 1),
(142, 25, '2019-01-06 17:17:45', 'story-pics/0f12cbe965d7facdc394bf53d5bef1068a816d30c6d9148be4b369ea0ed65504.jpg', 0, 0, 0, 0, 1),
(143, 28, '2019-01-06 17:18:42', 'story-pics/4c3869cefeb0384557a86902c0016a6e03e698e469682c1cd2ea2b02b86896a1.PNG', 0, 0, 0, 0, 1),
(144, 28, '2019-01-06 17:19:03', 'story-pics/ad4b6bd342be00bcad6c7d010a29a82711a97cb26f7252d031f6a59af9184e96.PNG', 0, 0, 0, 0, 1),
(145, 28, '2019-01-06 17:19:32', 'story-pics/013882c58b359d065cd1f3ce5389fa62b56a150b5a39d817ab55a3378c5639d7.PNG', 0, 0, 0, 0, 1),
(146, 28, '2019-01-06 17:22:10', 'story-pics/6389204e95e3b4d15c272e80f8252e15512b341e0d28c98516395089739ea0f9.PNG', 0, 0, 0, 0, 1),
(147, 1, '2019-02-13 10:47:53', 'story-pics/1c610574a627e429c2b71def53bfd369f9bdb0573b128df3455aae31e86fd3e4.jpg', 0, 0, 0, 0, 1),
(148, 1, '2020-09-19 08:41:06', 'story-pics/ea4faeed63b3f3163023c2142dd210a0589bd1320adc9789e3a605a444ef8474.png', 0, 0, 0, 0, 1),
(149, 1, '2020-09-19 08:41:41', 'story-pics/1b83a7242f3e8046fa3c98aa67a58bacc0a1f6ebed4a86119ddf6a0fb45ab7d7.jpg', 0, 0, 0, 0, 1),
(150, 1, '2020-09-19 08:42:06', 'story-pics/1a6980e165cfe592bb69bcee90023d5760a4cf51e02aa7bf15902537298e119c.jpg', 0, 0, 0, 0, 1),
(151, 1, '2020-09-19 08:42:22', 'story-pics/a807b9a778c3e5ff8e96a11ae0c8084f20e016e19a9a1354c7c83a4acdfa07b2.png', 0, 0, 0, 0, 1),
(152, 1, '2021-08-02 20:59:48', 'story-pics/d620840c51b5020b384ffd848ad0a25fa87bf074d73b57f07370433b63ccd656.png', 0, 0, 0, 0, 1),
(153, 1, '2021-08-02 21:00:17', 'story-pics/2b02b1171e05577da30f8daf697ad5c69ebc012c6a75d48d130ed3b3adfb34c1.png', 0, 0, 0, 0, 1);

-- --------------------------------------------------------

--
-- Table structure for table `log`
--

CREATE TABLE `log` (
  `id` int(11) NOT NULL,
  `message` text NOT NULL
) ENGINE=MyISAM DEFAULT CHARSET=latin1;

--
-- Dumping data for table `log`
--

INSERT INTO `log` (`id`, `message`) VALUES
(30, 'SELECT * FROM `sent_flowers` WHERE `from_id` = 1 AND `to_id` = 28 AND DATE(`date`) = DATE(NOW())'),
(31, 'SELECT * FROM `sent_flowers` WHERE `from_id` = 1 AND `to_id` = 20 AND DATE(`date`) = DATE(NOW())'),
(32, 'SELECT * FROM `sent_flowers` WHERE `from_id` = 1 AND `to_id` = 20 AND DATE(`date`) = DATE(NOW())'),
(29, 'SELECT * FROM `sent_flowers` WHERE `from_id` = 28 AND `to_id` = 1 AND DATE(`date`) = DATE(NOW())'),
(28, 'SELECT * FROM `sent_flowers` WHERE `from_id` = 1 AND `to_id` = 22 AND DATE(`date`) = DATE(NOW())'),
(27, 'SELECT * FROM `sent_flowers` WHERE `from_id` = 1 AND `to_id` = 22 AND DATE(`date`) = DATE(NOW())'),
(26, 'SELECT * FROM `sent_flowers` WHERE `from_id` = 1 AND `to_id` = 22 AND DATE(`date`) = DATE(NOW())'),
(23, 'hehehe pic'),
(24, '4017015'),
(25, 'SELECT * FROM `sent_flowers` WHERE `from_id` = 1 AND `to_id` = 20 AND DATE(`date`) = DATE(NOW())');

-- --------------------------------------------------------

--
-- Table structure for table `login_attempts`
--

CREATE TABLE `login_attempts` (
  `id` int(11) NOT NULL,
  `user_id` int(11) NOT NULL,
  `time` timestamp NOT NULL DEFAULT CURRENT_TIMESTAMP,
  `is_successful` tinyint(1) NOT NULL DEFAULT '0'
) ENGINE=MyISAM DEFAULT CHARSET=latin1;

--
-- Dumping data for table `login_attempts`
--

INSERT INTO `login_attempts` (`id`, `user_id`, `time`, `is_successful`) VALUES
(33, 1, '2018-12-07 20:11:24', 0),
(32, 2, '2018-12-07 19:39:49', 1),
(31, 2, '2018-12-07 19:39:40', 0),
(30, 1, '2018-12-07 19:38:29', 0),
(29, 2, '2018-12-07 19:38:18', 0),
(28, 2, '2018-12-07 19:38:07', 0),
(27, 1, '2018-12-06 08:11:12', 1),
(26, 1, '2018-12-06 08:11:05', 0),
(34, 1, '2018-12-07 20:11:37', 1),
(35, 2, '2018-12-07 20:45:48', 1),
(36, 1, '2018-12-08 09:48:02', 1),
(37, 1, '2018-12-08 09:53:01', 1),
(38, 2, '2018-12-09 17:00:17', 0),
(39, 2, '2018-12-09 17:00:27', 1),
(40, 1, '2018-12-21 08:45:19', 0),
(41, 1, '2018-12-21 08:45:31', 0),
(42, 1, '2018-12-21 08:51:11', 1),
(43, 1, '2018-12-21 15:36:19', 1),
(44, 1, '2018-12-22 15:33:49', 1),
(45, 1, '2018-12-22 16:28:55', 1),
(46, 1, '2018-12-23 06:31:24', 0),
(47, 1, '2018-12-23 06:31:35', 1),
(48, 19, '2018-12-23 06:43:44', 1),
(49, 1, '2019-01-06 16:32:01', 0),
(50, 25, '2019-01-06 16:37:44', 1),
(51, 1, '2019-01-06 16:37:53', 0),
(52, 1, '2019-01-06 16:38:00', 1),
(53, 27, '2019-01-06 17:04:51', 1),
(54, 28, '2019-01-06 17:04:56', 1),
(55, 28, '2019-01-06 17:05:35', 1),
(56, 28, '2019-01-06 17:07:52', 0),
(57, 28, '2019-01-06 17:08:11', 1),
(58, 1, '2019-01-14 16:42:51', 0),
(59, 1, '2019-01-14 16:42:55', 1),
(60, 1, '2019-01-15 09:28:56', 1),
(61, 31, '2019-02-13 10:30:19', 1),
(62, 1, '2019-02-13 10:36:55', 0),
(63, 1, '2019-02-13 10:36:59', 0),
(64, 1, '2019-02-13 10:37:02', 1),
(65, 1, '2019-03-31 11:08:25', 1),
(66, 1, '2019-04-03 10:12:56', 1),
(67, 1, '2019-07-25 12:22:35', 0),
(68, 1, '2019-07-25 12:22:41', 1),
(69, 1, '2020-06-06 10:53:02', 0),
(70, 1, '2020-06-06 10:53:11', 1),
(71, 1, '2020-08-07 02:34:28', 0),
(72, 1, '2020-08-07 02:34:38', 1),
(73, 1, '2020-08-07 14:57:40', 1),
(74, 1, '2020-09-19 08:27:29', 1),
(75, 1, '2020-11-28 08:34:53', 0),
(76, 1, '2020-11-28 08:34:59', 1),
(77, 1, '2021-01-22 12:06:37', 0),
(78, 1, '2021-01-22 12:06:46', 1),
(79, 1, '2021-08-02 20:58:44', 1),
(80, 1, '2021-08-02 21:07:21', 1);

-- --------------------------------------------------------

--
-- Table structure for table `login_hashes`
--

CREATE TABLE `login_hashes` (
  `id` int(11) NOT NULL,
  `user_id` int(11) NOT NULL,
  `hash` varchar(32) COLLATE utf8_unicode_ci NOT NULL
) ENGINE=MyISAM DEFAULT CHARSET=utf8 COLLATE=utf8_unicode_ci;

--
-- Dumping data for table `login_hashes`
--

INSERT INTO `login_hashes` (`id`, `user_id`, `hash`) VALUES
(90, 1, '1ca590a266009b6210bfb048e4742732'),
(91, 2, 'dac47a90cd8f3792b1a914e5ca1bbafa'),
(92, 2, '1604ff59694831c5b8f58c0054731978'),
(93, 1, '7d58ac860bf5542749e1ec9a7a3ff54c'),
(94, 2, '76dab9aabf9944cf07298fb63113bad3'),
(95, 1, '0e98fed354cbd4951eb2f5ff3222a0a7'),
(96, 1, '746f94dd359f25564e385bd065e350f1'),
(97, 1, 'cd2840ff627214e230a1874947616799'),
(98, 1, '1c53ed31329f8ce3d1a6766f4edd8522'),
(99, 1, '9930122319c2ba598f2854cadd8ffe5f'),
(100, 1, '6ba4412705ab1fa166ff0e16f6bc0eaf'),
(101, 2, '7c9e04e9b75d70736f6f93940e4ac469'),
(102, 1, '0e775f4e59524af346bc7253b9c43c61'),
(103, 2, 'e1901a804b2e4de13b22811cd4d110f0'),
(104, 1, '830ddc55a0c5bd4dd06e706d91c4e7fc'),
(105, 1, '10c952e0d686d8dc8145dd19b7b95e13'),
(106, 2, 'dfe1f54b41ee8d93bc7b40c0e661794c'),
(107, 1, '0b9a7bb59a195ebd64068270e676a5a5'),
(108, 1, '32676ba29047e5fa85ccf2018073ea88'),
(109, 1, 'c6dd3dea62fd76dac52b9f96f6446845'),
(110, 1, 'bcd649dcdbd107adbeb70e0c6a49827c'),
(111, 1, '1a0d5a024000b234d2786fe252786d94'),
(112, 19, '1a22e0a5db3300435af4805343440eda'),
(113, 25, '5c9fcbfb3363592244769eddad5a66e4'),
(114, 1, '7631fd3cd6f8d766e589ed469a29f4bc'),
(115, 27, '43f183b417cf83290b0619c25ce1a3b9'),
(116, 28, '9a37232f42b907c6ea9f51cd89f01df6'),
(117, 28, '7942fbfedd34ca7a35e2bf040128b862'),
(118, 28, 'b026fff338a75784df564747ff5bc8af'),
(119, 1, '461c8b4ea0eb056349eb0bbead5b4531'),
(120, 1, '1950c7059d8ea11273bd042a20ef71b0'),
(121, 31, 'faee6695a35178bbc5137cc82395962f'),
(122, 1, '7aad3933ae1e7d80e95a58e7d39840af'),
(123, 1, '7cc562f739a1f10f46ef45f85ad83005'),
(124, 1, '9d9658f9ba1ded0029f3ad5f384e86a6'),
(125, 1, 'ea2c0883375a80b64ea90ad0eb8c4764'),
(126, 1, 'f0caccf393e2dcfa7ee05e8ff40e5fd1'),
(127, 1, '9e78cbd46d576bb5aa88e46883c2b095'),
(128, 1, 'a758f0df8fb4a6cf6f870849aad61b14'),
(129, 1, '5caa614cc224a25aea540cd678b9a402'),
(130, 1, '63df548ae124bd25baa1ce006bac3234'),
(131, 1, 'f13f09b0535d49cd848da50aa1d6095c'),
(132, 1, '5f22e7675da8b51060667982ec62b305'),
(133, 1, 'd7520e0cde1d57de8083662747aa1e1a');

-- --------------------------------------------------------

--
-- Table structure for table `meetings_requests`
--

CREATE TABLE `meetings_requests` (
  `id` int(11) NOT NULL,
  `user_one_id` int(11) NOT NULL,
  `user_two_id` int(11) NOT NULL,
  `user_one_seen` tinyint(1) NOT NULL DEFAULT '0',
  `user_two_seen` int(11) NOT NULL DEFAULT '0',
  `is_approved` tinyint(1) NOT NULL DEFAULT '0',
  `is_rejected` tinyint(1) NOT NULL DEFAULT '0',
  `date` timestamp NOT NULL DEFAULT CURRENT_TIMESTAMP,
  `who_set_date` int(11) DEFAULT NULL,
  `date_location` int(11) DEFAULT NULL,
  `date_time` int(11) DEFAULT NULL,
  `is_date_approved` tinyint(1) NOT NULL DEFAULT '0'
) ENGINE=MyISAM DEFAULT CHARSET=latin1;

--
-- Dumping data for table `meetings_requests`
--

INSERT INTO `meetings_requests` (`id`, `user_one_id`, `user_two_id`, `user_one_seen`, `user_two_seen`, `is_approved`, `is_rejected`, `date`, `who_set_date`, `date_location`, `date_time`, `is_date_approved`) VALUES
(15, 1, 2, 1, 1, 0, 0, '2018-11-16 15:26:45', NULL, NULL, NULL, 0),
(14, 1, 20, 1, 1, 1, 0, '2018-08-22 21:42:48', NULL, NULL, NULL, 0),
(13, 18, 2, 1, 1, 1, 0, '2018-08-18 13:58:59', NULL, NULL, NULL, 0),
(12, 19, 18, 1, 1, 0, 1, '2018-08-18 13:32:58', NULL, NULL, NULL, 0),
(11, 2, 1, 1, 1, 1, 0, '2018-08-15 14:50:37', NULL, NULL, NULL, 0),
(10, 2, 13, 1, 1, 1, 0, '2018-08-13 15:40:15', NULL, NULL, NULL, 0),
(9, 1, 2, 1, 1, 1, 0, '2018-08-11 13:38:56', NULL, NULL, NULL, 0),
(16, 1, 19, 1, 1, 1, 0, '2018-12-23 06:42:30', NULL, NULL, NULL, 0),
(17, 1, 25, 1, 1, 1, 0, '2019-01-06 16:42:52', NULL, NULL, NULL, 0),
(18, 25, 1, 1, 1, 0, 0, '2019-01-06 17:00:40', NULL, NULL, NULL, 0),
(19, 1, 25, 1, 0, 0, 0, '2020-06-06 10:56:51', NULL, NULL, NULL, 0);

-- --------------------------------------------------------

--
-- Table structure for table `messages`
--

CREATE TABLE `messages` (
  `id` int(11) NOT NULL,
  `from_id` int(11) NOT NULL,
  `to_id` int(11) DEFAULT NULL,
  `message` mediumtext COLLATE utf8_unicode_ci NOT NULL,
  `date` timestamp NULL DEFAULT CURRENT_TIMESTAMP,
  `image_id` int(11) DEFAULT NULL,
  `group_id` int(11) DEFAULT NULL,
  `seen` tinyint(1) NOT NULL DEFAULT '0'
) ENGINE=MyISAM DEFAULT CHARSET=utf8 COLLATE=utf8_unicode_ci;

--
-- Dumping data for table `messages`
--

INSERT INTO `messages` (`id`, `from_id`, `to_id`, `message`, `date`, `image_id`, `group_id`, `seen`) VALUES
(336, 2, NULL, 'היי', '2018-08-11 12:35:30', NULL, 1, 0),
(337, 1, NULL, 'להלהלה', '2018-08-11 12:39:06', NULL, 1, 0),
(40, 9, 10, 'הצ\'אט לא גמור כמו שאתה רואה', '2018-07-23 07:57:10', NULL, 2, 0),
(39, 9, 10, 'מוזר', '2018-07-23 07:57:01', NULL, NULL, 0),
(38, 10, 9, 'עד עכשיו זה לא נתן לי לשלוח לך', '2018-07-23 07:56:39', NULL, NULL, 0),
(37, 9, 10, 'חתיך', '2018-07-23 07:56:16', NULL, NULL, 0),
(29, 2, 1, '×”×™×™', '2018-07-21 04:39:06', NULL, NULL, 1),
(30, 1, 3, '×”×™×•×©', '2018-07-21 04:39:50', NULL, NULL, 1),
(31, 1, 4, '×”×™×™', '2018-07-21 04:50:17', NULL, NULL, 0),
(32, 1, 5, '×¢×•×“ ×”×•×“×¢×”', '2018-07-21 04:50:29', NULL, NULL, 0),
(33, 2, 1, '×”×™×•×©', '2018-07-22 05:23:41', NULL, NULL, 1),
(34, 2, 1, '×ª×¢× ×” ×›×‘×¨', '2018-07-22 05:23:43', NULL, NULL, 1),
(35, 2, 1, '?', '2018-07-22 05:23:59', NULL, NULL, 1),
(36, 1, 2, '×ž×”×”×”×”×”', '2018-07-22 05:24:07', NULL, NULL, 1),
(42, 10, 9, 'כן..', '2018-07-23 07:57:20', NULL, NULL, 0),
(43, 10, 9, 'מזה פופלארריות ?', '2018-07-23 07:57:30', NULL, NULL, 0),
(44, 9, 10, 'מדד כזה שלפיו דברים באתר מוצגים', '2018-07-23 07:58:02', NULL, NULL, 0),
(45, 9, 10, 'משתמש יוכל לקנות פופולאריות', '2018-07-23 07:58:11', NULL, NULL, 0),
(46, 10, 9, 'הא אוקיי', '2018-07-23 07:58:43', NULL, NULL, 0),
(47, 9, 10, 'אם יש לו פופולאריות גבוהה הוא יוצג יותר באתר ויהיה לו סיכוי גבוה יותר להיות מוצג', '2018-07-23 07:58:46', NULL, NULL, 0),
(48, 9, 10, 'חכה אני אדגים לך את הטאב של ההיכרויות', '2018-07-23 07:59:00', NULL, NULL, 0),
(49, 10, 9, 'אולי נוסיף לכל מושג את מה שהוא עושה', '2018-07-23 07:59:07', NULL, NULL, 0),
(50, 9, 10, 'בשביל זה אני צריך לשים לך העדפות(לאיזה מין אתה נמשך, גילאים)', '2018-07-23 07:59:33', NULL, NULL, 0),
(51, 9, 10, 'תבחר', '2018-07-23 07:59:35', NULL, NULL, 0),
(52, 9, 10, 'כן אני אוסיף ליד זה סימן שאלה', '2018-07-23 07:59:59', NULL, NULL, 0),
(53, 10, 9, 'הוספת כבר את החיפוש של מזלות וכוץץ ?', '2018-07-23 08:00:15', NULL, NULL, 0),
(54, 10, 9, 'וכו..', '2018-07-23 08:00:19', NULL, NULL, 0),
(55, 9, 10, 'עדיין לא', '2018-07-23 08:00:42', NULL, NULL, 0),
(56, 9, 10, 'תבחר גילאים', '2018-07-23 08:01:00', NULL, NULL, 0),
(57, 9, 10, 'מאיזה עד איזה אתה רוצה לקבל', '2018-07-23 08:01:06', NULL, NULL, 0),
(58, 9, 10, '?', '2018-07-23 08:05:00', NULL, NULL, 0),
(59, 9, 11, 'תבחר שמות נורמליים', '2018-07-23 08:09:20', NULL, NULL, 0),
(60, 9, 11, 'זה מכוער', '2018-07-23 08:09:25', NULL, NULL, 0),
(61, 9, 11, 'דבר פה', '2018-07-23 08:10:45', NULL, NULL, 0),
(62, 9, 11, 'lalalala', '2018-07-23 08:11:35', NULL, NULL, 0),
(63, 1, 12, 'איך עכשיו?\\', '2018-07-23 08:15:30', NULL, NULL, 0),
(64, 12, 1, 'בסדר', '2018-07-23 08:15:37', NULL, NULL, 1),
(65, 12, 1, 'איך משנים את השם?', '2018-07-23 08:15:42', NULL, NULL, 1),
(66, 1, 12, 'למה לא בחרת תאריך לידה? זה מראה שאתה בן 0', '2018-07-23 08:15:50', NULL, NULL, 0),
(67, 1, 12, 'צריך לעשות 17+', '2018-07-23 08:15:57', NULL, NULL, 0),
(68, 1, 12, 'כנס לפרופיל, תשים את העכבר על פרטים אישיים ותלחץ על העיפרון', '2018-07-23 08:16:12', NULL, NULL, 0),
(69, 12, 1, 'עשיתי', '2018-07-23 08:17:30', NULL, NULL, 1),
(70, 1, 12, 'סבבה', '2018-07-23 08:17:44', NULL, NULL, 0),
(71, 1, 12, 'שמתי לך גיל 32\r\n', '2018-07-23 08:17:49', NULL, NULL, 0),
(72, 12, 1, 'מה נעשה בהתאמות?', '2018-07-23 08:17:54', NULL, NULL, 1),
(73, 1, 12, 'אני שם לך נמשך לגברים בכל הגילאים', '2018-07-23 08:18:04', NULL, NULL, 0),
(74, 1, 12, 'תקן אותי אם אני טועה', '2018-07-23 08:18:08', NULL, NULL, 0),
(75, 12, 1, 'לאא', '2018-07-23 08:18:12', NULL, NULL, 1),
(76, 12, 1, 'ה לנשים', '2018-07-23 08:18:14', NULL, NULL, 1),
(77, 12, 1, 'חחחחח', '2018-07-23 08:18:19', NULL, NULL, 1),
(78, 1, 12, 'שמתי', '2018-07-23 08:19:05', NULL, NULL, 0),
(79, 12, 1, 'צריך לעשות איפה שכתוב "פיד" את מספר ההודעות שלא נקראו', '2018-07-23 08:19:08', NULL, NULL, 1),
(80, 1, 12, 'זה יוצג בצ\'אט למטה', '2018-07-23 08:19:16', NULL, NULL, 0),
(81, 1, 12, 'קודם כל אתה יכול להכנס לפרופילים ולראות את ההצעות', '2018-07-23 08:19:28', NULL, NULL, 0),
(82, 1, 12, 'בינתיים אי אפשר לסנן לפי מזלות וכו\'', '2018-07-23 08:19:36', NULL, NULL, 0),
(83, 12, 1, 'אוקיי', '2018-07-23 08:19:54', NULL, NULL, 1),
(84, 1, 12, 'עכשיו כנס להיכרויות', '2018-07-23 08:20:03', NULL, NULL, 0),
(85, 1, 12, 'תעלה תמונה ותצטרף', '2018-07-23 08:20:14', NULL, NULL, 0),
(86, 12, 1, 'נכנסתי', '2018-07-23 08:20:17', NULL, NULL, 1),
(87, 1, 12, 'זה מציג לך משתמש?', '2018-07-23 08:20:40', NULL, NULL, 0),
(88, 12, 1, 'כן', '2018-07-23 08:20:49', NULL, NULL, 1),
(89, 12, 1, '\r\nקטלני\r\n', '2018-07-23 08:20:52', NULL, NULL, 1),
(90, 1, 12, 'זה אני?', '2018-07-23 08:20:56', NULL, NULL, 0),
(91, 12, 1, 'לא', '2018-07-23 08:21:03', NULL, NULL, 1),
(92, 12, 1, 'היא יותר יפה', '2018-07-23 08:21:07', NULL, NULL, 1),
(93, 1, 12, 'אז תעשה לייק', '2018-07-23 08:21:12', NULL, NULL, 0),
(94, 1, 12, 'חחחח', '2018-07-23 08:21:15', NULL, NULL, 0),
(95, 12, 1, 'עשיתחי', '2018-07-23 08:21:18', NULL, NULL, 1),
(96, 1, 12, 'עד שתגיע אליי', '2018-07-23 08:21:22', NULL, NULL, 0),
(97, 12, 1, 'אבל זה לא נותן כלום', '2018-07-23 08:21:23', NULL, NULL, 1),
(98, 1, 12, 'זה מחליף כל פעם', '2018-07-23 08:21:32', NULL, NULL, 0),
(99, 12, 1, 'לי זה לא', '2018-07-23 08:21:38', NULL, NULL, 1),
(100, 1, 12, 'פשוט לכולם יש את אותה התמונה', '2018-07-23 08:21:42', NULL, NULL, 0),
(101, 1, 12, 'בדקתי במסך נתונים, זה החליף לך', '2018-07-23 08:22:14', NULL, NULL, 0),
(102, 12, 1, 'זה מחליף שאני עושה רענן', '2018-07-23 08:22:36', NULL, NULL, 1),
(103, 1, 12, 'גם', '2018-07-23 08:22:45', NULL, NULL, 0),
(104, 1, 12, 'שיט זה משום מה חוזר על אותם משתמשים', '2018-07-23 08:22:54', NULL, NULL, 0),
(105, 12, 1, 'כן', '2018-07-23 08:23:04', NULL, NULL, 1),
(106, 1, 12, 'חכה רגע אני שם לך אותי', '2018-07-23 08:23:09', NULL, NULL, 0),
(107, 1, 12, 'עכשיו זה מציג אותי', '2018-07-23 08:23:21', NULL, NULL, 0),
(108, 1, 12, '?', '2018-07-23 08:23:22', NULL, NULL, 0),
(109, 12, 1, 'לא', '2018-07-23 08:23:47', NULL, NULL, 1),
(110, 1, 12, 'יעקב שטרית עם 100% פופולאריות', '2018-07-23 08:24:05', NULL, NULL, 0),
(111, 12, 1, 'וואלה זה עושה  לי את אותה אחת', '2018-07-23 08:24:31', NULL, NULL, 1),
(112, 1, 12, 'אה כי עשית לי לייק כבר', '2018-07-23 08:24:47', NULL, NULL, 0),
(113, 1, 12, 'חכה אל תעשה לייק', '2018-07-23 08:24:51', NULL, NULL, 0),
(114, 1, 12, 'עכשיו שמתי לך', '2018-07-23 08:24:58', NULL, NULL, 0),
(115, 1, 12, 'תרענן', '2018-07-23 08:25:00', NULL, NULL, 0),
(116, 12, 1, 'אותו דבר', '2018-07-23 08:25:27', NULL, NULL, 1),
(117, 1, 12, 'טעות שלי', '2018-07-23 08:26:11', NULL, NULL, 0),
(118, 1, 12, 'נסה עכשיו', '2018-07-23 08:26:13', NULL, NULL, 0),
(119, 1, 12, 'אחייי', '2018-07-23 08:26:28', NULL, NULL, 0),
(120, 1, 12, 'תפסיק לעשות לייקים', '2018-07-23 08:26:34', NULL, NULL, 0),
(121, 12, 1, 'לא עובד לי', '2018-07-23 08:26:42', NULL, NULL, 1),
(122, 12, 1, 'לא לעשוטת?', '2018-07-23 08:26:56', NULL, NULL, 1),
(123, 12, 1, 'אמרת לעשות עד שיגיע אלייך', '2018-07-23 08:27:03', NULL, NULL, 1),
(124, 1, 12, 'תרענן', '2018-07-23 08:27:12', NULL, NULL, 0),
(125, 12, 1, 'רעננתי', '2018-07-23 08:27:20', NULL, NULL, 1),
(126, 1, 12, 'מראה אותי?', '2018-07-23 08:27:29', NULL, NULL, 0),
(127, 12, 1, 'אותו תמוננה', '2018-07-23 08:27:34', NULL, NULL, 1),
(128, 1, 12, 'וואי', '2018-07-23 08:27:39', NULL, NULL, 0),
(129, 1, 12, 'אמרתי לך', '2018-07-23 08:27:41', NULL, NULL, 0),
(130, 1, 12, 'לכולם יש את אותה התמונה', '2018-07-23 08:27:46', NULL, NULL, 0),
(131, 12, 1, 'רשום ישראל ישראלי 35', '2018-07-23 08:28:06', NULL, NULL, 1),
(132, 1, 12, 'כי עשית לי לייק וזה העלים אותי', '2018-07-23 08:28:23', NULL, NULL, 0),
(133, 1, 12, 'תרענן', '2018-07-23 08:28:33', NULL, NULL, 0),
(134, 12, 1, 'אז תמחק את הלייק', '2018-07-23 08:28:36', NULL, NULL, 1),
(135, 1, 12, 'מחקתי', '2018-07-23 08:28:43', NULL, NULL, 0),
(136, 12, 1, 'רעננתי אותו דבר', '2018-07-23 08:28:46', NULL, NULL, 1),
(137, 1, 12, 'חכה 5 דקות', '2018-07-23 08:29:14', NULL, NULL, 0),
(138, 1, 12, 'אתה פה?', '2018-07-23 08:32:15', NULL, NULL, 0),
(139, 12, 1, 'fi', '2018-07-23 08:32:22', NULL, NULL, 1),
(140, 12, 1, 'כן', '2018-07-23 08:32:24', NULL, NULL, 1),
(141, 1, 12, 'תעשה לייק', '2018-07-23 08:32:28', NULL, NULL, 0),
(142, 1, 12, 'אחד', '2018-07-23 08:32:30', NULL, NULL, 0),
(143, 12, 1, 'עשיתי', '2018-07-23 08:32:40', NULL, NULL, 1),
(144, 12, 1, 'אותו דבר ישראל ישראלי', '2018-07-23 08:32:56', NULL, NULL, 1),
(145, 1, 12, 'כן אני יודע', '2018-07-23 08:33:09', NULL, NULL, 0),
(146, 1, 12, 'תעשה עוד לייק', '2018-07-23 08:35:07', NULL, NULL, 0),
(147, 12, 1, 'עשיתי', '2018-07-23 08:35:23', NULL, NULL, 1),
(148, 1, 12, 'עוד אחד', '2018-07-23 08:36:05', NULL, NULL, 0),
(149, 12, 1, 'עשיתי', '2018-07-23 08:36:21', NULL, NULL, 1),
(150, 1, 12, 'תרענן', '2018-07-23 08:36:40', NULL, NULL, 0),
(151, 1, 12, 'זה מציג אותי?', '2018-07-23 08:36:43', NULL, NULL, 0),
(152, 12, 1, 'כן', '2018-07-23 08:36:53', NULL, NULL, 1),
(153, 1, 12, 'קיצר אתה יכול משם לשלוח לי פרח, הודעה, לדחות או לעשות לי לייק', '2018-07-23 08:37:18', NULL, NULL, 0),
(154, 1, 12, 'אם שנינו עושים לייק אחד לשני אנחנו מקבלים התראה', '2018-07-23 08:37:28', NULL, NULL, 0),
(155, 1, 12, 'תעשה לי לייק', '2018-07-23 08:37:34', NULL, NULL, 0),
(156, 12, 1, 'עשיתי', '2018-07-23 08:37:43', NULL, NULL, 1),
(157, 12, 1, 'תעשה לי גם', '2018-07-23 08:38:26', NULL, NULL, 1),
(158, 1, 12, 'עשיתי', '2018-07-23 08:38:42', NULL, NULL, 0),
(159, 1, 12, 'עכשיו זה אמור להראות(כרגע עובד רק כשמרעננים את הדף)', '2018-07-23 08:38:53', NULL, NULL, 0),
(160, 1, 12, 'בהתאמות', '2018-07-23 08:38:59', NULL, NULL, 0),
(161, 12, 1, 'כן רקאיתי', '2018-07-23 08:39:04', NULL, NULL, 1),
(162, 1, 12, 'זה לא מציג כלום כשנכנסים עדיין', '2018-07-23 08:39:14', NULL, NULL, 0),
(163, 12, 1, 'כן ראיתי', '2018-07-23 08:39:24', NULL, NULL, 1),
(164, 1, 12, 'היום אני אעשה את זה', '2018-07-23 08:39:40', NULL, NULL, 0),
(165, 1, 12, 'וההצעות האלה של הכרטיסים זה מותאם למה עשית לייקים בעבר', '2018-07-23 08:39:58', NULL, NULL, 0),
(166, 12, 1, 'לא הבנתי', '2018-07-23 08:40:14', NULL, NULL, 1),
(167, 1, 12, 'אם עשית לבלונדיניות שמנות בעיקר אז יהיה יותר סיכוי שיוצגו לך בלונדיניות שמנות', '2018-07-23 08:40:17', NULL, NULL, 0),
(168, 12, 1, 'נא הבנתי', '2018-07-23 08:40:28', NULL, NULL, 1),
(169, 12, 1, 'הא הבנת י', '2018-07-23 08:40:33', NULL, NULL, 1),
(170, 1, 12, 'זה היה החלק הכי מסובך באתר', '2018-07-23 08:40:47', NULL, NULL, 0),
(171, 1, 12, 'אז הרוב מאחורינו כבר', '2018-07-23 08:40:53', NULL, NULL, 0),
(172, 12, 1, 'מה עכשיו נשאר לנו ?', '2018-07-23 08:41:09', NULL, NULL, 1),
(173, 1, 12, 'אה וכנס לעמוד של הפרחים', '2018-07-23 08:41:09', NULL, NULL, 0),
(174, 12, 1, 'נכנסתי', '2018-07-23 08:41:23', NULL, NULL, 1),
(175, 1, 12, 'דברים שנשארו באתר:\r\nהצגת אנשים לפי מיקום\r\nשינוי העדפות\r\nסיום עריכת פרופיל\r\nהוספת סטורי\r\nהצגת רשימת צ\'אט\r\nחסימה\r\nכתיבה על קיר של משתמש\r\nהתחברות והרשמה דרך פייסבוק\r\nמערכת פגישות\r\nתמיכה טכנית\r\nתכנית שותפים\r\nהצגת פרחים שנשלחו\r\nליטושים', '2018-07-23 08:41:30', NULL, NULL, 0),
(176, 1, 12, 'זה לא הרבה דברים', '2018-07-23 08:42:04', NULL, NULL, 0),
(177, 12, 1, 'וגם יהיה אפשר לראות אם משתמש מחובר ומתי לא', '2018-07-23 08:42:14', NULL, NULL, 1),
(178, 12, 1, 'אם נקודה ירוקה', '2018-07-23 08:42:17', NULL, NULL, 1),
(179, 1, 12, 'וכשמקלידים', '2018-07-23 08:42:27', NULL, NULL, 0),
(180, 1, 12, 'וכשהודעה נקראה', '2018-07-23 08:42:32', NULL, NULL, 0),
(181, 12, 1, 'כן', '2018-07-23 08:42:33', NULL, NULL, 1),
(182, 12, 1, 'זה מסובך?', '2018-07-23 08:42:43', NULL, NULL, 1),
(183, 1, 12, 'זה לא הרבה דברים, הרוב קיים', '2018-07-23 08:42:47', NULL, NULL, 0),
(184, 1, 12, 'לא מסובך', '2018-07-23 08:42:50', NULL, NULL, 0),
(185, 1, 12, 'מה אתה חושב בינתיים? יש פוטנציאל?', '2018-07-23 08:43:02', NULL, NULL, 0),
(186, 12, 1, 'כן ממש כן', '2018-07-23 08:43:13', NULL, NULL, 1),
(187, 1, 12, 'הצ\'אט נח?', '2018-07-23 08:43:20', NULL, NULL, 0),
(188, 1, 12, 'הוא קצת איטי כי השרת המזדיין הזה מסריח', '2018-07-23 08:43:30', NULL, NULL, 0),
(189, 12, 1, 'כן סבבה לגמרי ', '2018-07-23 08:43:34', NULL, NULL, 1),
(190, 12, 1, 'תקשיב אולי נעשה קצת עוד צבעים באתר', '2018-07-23 08:43:53', NULL, NULL, 1),
(191, 1, 12, 'אשכרה טינדר', '2018-07-23 08:43:54', NULL, NULL, 0),
(192, 12, 1, 'הוא נראה כזה ריק', '2018-07-23 08:43:58', NULL, NULL, 1),
(193, 1, 12, 'כן מסכים איתך', '2018-07-23 08:44:03', NULL, NULL, 0),
(194, 1, 12, 'לזה התכוונתי ב"ליטושים"', '2018-07-23 08:44:12', NULL, NULL, 0),
(195, 1, 12, 'זה תיקון דברים קטנים בעיצוב', '2018-07-23 08:44:19', NULL, NULL, 0),
(196, 12, 1, 'מה שנשאר לי לעשות זה לעבוד על תכנית שיווקית טובה', '2018-07-23 08:44:30', NULL, NULL, 1),
(197, 1, 12, 'כרגע האתר נורא אפור', '2018-07-23 08:44:31', NULL, NULL, 0),
(198, 12, 1, 'כן.. ', '2018-07-23 08:44:39', NULL, NULL, 1),
(199, 1, 12, 'מה אתה חושב אפשר לתת למשתמשים בתכנית שותפים?', '2018-07-23 08:44:46', NULL, NULL, 0),
(200, 12, 1, 'הא שכחתי את החדרי צאט', '2018-07-23 08:44:47', NULL, NULL, 1),
(201, 12, 1, 'ומשחקי שאלות', '2018-07-23 08:45:01', NULL, NULL, 1),
(202, 12, 1, 'כזה טריווריה', '2018-07-23 08:45:04', NULL, NULL, 1),
(203, 12, 1, 'וטיפים להתחלת שיחה ', '2018-07-23 08:46:18', NULL, NULL, 1),
(204, 1, 12, 'צור קשר אודות תנאי שימוש תכנית שותפים\r\n', '2018-07-23 08:46:49', NULL, NULL, 0),
(205, 1, 12, 'אלה רק דפים של טקסט אז זו לא בעיה', '2018-07-23 08:47:00', NULL, NULL, 0),
(206, 12, 1, 'כן', '2018-07-23 08:47:13', NULL, NULL, 1),
(207, 12, 1, 'אבל חשוב שיהיה השאלון הזה .. ', '2018-07-23 08:47:27', NULL, NULL, 1),
(208, 12, 1, 'וקניית פרחים ', '2018-07-23 08:49:07', NULL, NULL, 1),
(209, 1, 12, 'כן, אם משתמשים יאהבו את הפרחים נוכל לעשות מזה מלא כסף', '2018-07-23 08:49:28', NULL, NULL, 0),
(210, 12, 1, 'ומה אתה אומר שיהיה אפשרות לתרום לאתר ? ', '2018-07-23 08:49:29', NULL, NULL, 1),
(211, 1, 12, 'כן למה לא', '2018-07-23 08:49:38', NULL, NULL, 0),
(212, 12, 1, 'יש לי הרגשה טובה שהאתר הזה יצליח', '2018-07-23 08:50:16', NULL, NULL, 1),
(213, 12, 1, 'זה משהו שאין לאתרים אחרים ', '2018-07-23 08:50:25', NULL, NULL, 1),
(214, 1, 12, 'אם לא נפשל', '2018-07-23 08:50:28', NULL, NULL, 0),
(215, 12, 1, 'אולי באפליקציות יש את הכרטיסים האלה אבל הכל זה אנחנו', '2018-07-23 08:50:42', NULL, NULL, 1),
(216, 1, 12, 'בהמשך נוציא אפליקציה', '2018-07-23 08:51:22', NULL, NULL, 0),
(217, 1, 12, 'אם נראה שהאתר מצליח', '2018-07-23 08:51:26', NULL, NULL, 0),
(218, 12, 1, 'כן אחי..', '2018-07-23 08:51:34', NULL, NULL, 1),
(219, 12, 1, 'אבל חייב אמונה ותקווה', '2018-07-23 08:52:00', NULL, NULL, 1),
(220, 12, 1, 'מה אתה אומר על חדרי צ\'אט', '2018-07-23 08:52:43', NULL, NULL, 1),
(221, 1, 12, 'זה טוב', '2018-07-23 08:52:55', NULL, NULL, 0),
(222, 1, 12, 'אנשים יוכלו לארגן אורגיות', '2018-07-23 08:53:02', NULL, NULL, 0),
(223, 12, 1, 'חחחחחחחחחחחחחח', '2018-07-23 08:53:11', NULL, NULL, 1),
(224, 12, 1, 'מה עוד נשאר ?', '2018-07-23 08:53:59', NULL, NULL, 1),
(225, 12, 1, 'זהו נכון ?', '2018-07-23 08:54:06', NULL, NULL, 1),
(226, 1, 12, 'מה ששלחתי לך', '2018-07-23 08:54:11', NULL, NULL, 0),
(227, 12, 1, 'כן', '2018-07-23 08:54:18', NULL, NULL, 1),
(228, 1, 12, 'וצריך גם לעבור על אבטחה', '2018-07-23 08:54:27', NULL, NULL, 0),
(229, 12, 1, 'fi', '2018-07-23 08:54:54', NULL, NULL, 1),
(230, 1, 12, 'וואי הצ\'אט פה ממש נח', '2018-07-23 08:55:11', NULL, NULL, 0),
(231, 1, 12, 'אני מרוצה', '2018-07-23 08:55:14', NULL, NULL, 0),
(232, 12, 1, 'גם אני אח שלי', '2018-07-23 08:55:49', NULL, NULL, 1),
(233, 12, 1, 'אני רוצה לעשות השקה לאתר ', '2018-07-23 08:56:13', NULL, NULL, 1),
(234, 12, 1, 'לראות אם אנשים מעוניינים בזה', '2018-07-23 08:56:33', NULL, NULL, 1),
(235, 1, 12, 'תחשוב שעכשיו איזור ההיכרויות לא משהו בגלל שאין משתמשים', '2018-07-23 08:56:40', NULL, NULL, 0),
(236, 1, 12, 'כשיהיו מלא משתמשים זה יהיה פגז', '2018-07-23 08:56:45', NULL, NULL, 0),
(237, 12, 1, 'גכן זה יהיה קטלני', '2018-07-23 08:57:05', NULL, NULL, 1),
(238, 12, 1, 'לא יודע מה איתך אבל אני מתרגש', '2018-07-23 08:57:11', NULL, NULL, 1),
(239, 1, 12, 'אפשר גם להגביל אנשים שיוכלו לעשות רק מספר מסוים של לייקים ביום. אם הם ישלמו הם יוכלו עוד', '2018-07-23 08:57:14', NULL, NULL, 0),
(240, 12, 1, 'לא אני לא רוצה שזה יהיה ככה כי באתרים אחרים זה ככה ואני מעדיף שהכל יהיה חינם חוץ מהםפרחים', '2018-07-23 08:57:58', NULL, NULL, 1),
(241, 12, 1, 'יש לנו פרסומות,קניית פרחים,תרומות לאתר ', '2018-07-23 08:58:17', NULL, NULL, 1),
(242, 12, 1, 'זה מספיק', '2018-07-23 08:58:23', NULL, NULL, 1),
(243, 1, 12, 'אבל תבין שאין לנו כל כך ברירה, אם יהיו באתר 500 רשומים, חצי בנים וחצי בנות וביום אחד מישהו עושה לייקים לכל הבנות', '2018-07-23 08:59:07', NULL, NULL, 0),
(244, 1, 12, 'מה יהיו לו לעשות מחר?', '2018-07-23 08:59:14', NULL, NULL, 0),
(245, 1, 12, 'כי זה לא מציג את אותן בנות שוב חודש', '2018-07-23 08:59:22', NULL, NULL, 0),
(246, 12, 1, 'נגביל אותו ל50 לייקים', '2018-07-23 08:59:47', NULL, NULL, 1),
(247, 1, 12, 'כן זה סבבה', '2018-07-23 09:00:02', NULL, NULL, 0),
(248, 12, 1, 'או לעשות כמות זמן מסוןיימת ', '2018-07-23 09:00:05', NULL, NULL, 1),
(249, 1, 12, 'נגיד 10 בשעה', '2018-07-23 09:00:14', NULL, NULL, 0),
(250, 12, 1, 'כן', '2018-07-23 09:00:19', NULL, NULL, 1),
(251, 1, 12, 'לא זה יוצא 240 ביום', '2018-07-23 09:00:20', NULL, NULL, 0),
(252, 1, 12, 'זה עדיין הרבה', '2018-07-23 09:00:30', NULL, NULL, 0),
(253, 1, 12, 'בשביל דבר כזה צריכים מלא משתמשים', '2018-07-23 09:00:39', NULL, NULL, 0),
(254, 12, 1, 'נגביל אותו ל50 לייקים ', '2018-07-23 09:00:59', NULL, NULL, 1),
(255, 12, 1, 'ה נראלי מספיק ', '2018-07-23 09:01:12', NULL, NULL, 1),
(256, 12, 1, 'זה', '2018-07-23 09:01:15', NULL, NULL, 1),
(257, 1, 12, 'בהתחלה בלי תשלום', '2018-07-23 09:01:18', NULL, NULL, 0),
(258, 1, 12, 'רק להגביל', '2018-07-23 09:01:21', NULL, NULL, 0),
(259, 1, 12, 'לאט לאט נהפוך למכונת כסף', '2018-07-23 09:01:29', NULL, NULL, 0),
(260, 12, 1, 'כן', '2018-07-23 09:01:29', NULL, NULL, 1),
(261, 12, 1, 'בשביל לבקש כסף אנחנו צריכים שאנשים יבינו כמה האתר שווה ויסמכו עליינו', '2018-07-23 09:01:50', NULL, NULL, 1),
(262, 1, 12, 'נכון', '2018-07-23 09:02:00', NULL, NULL, 0),
(263, 1, 12, 'אי אפשר לבקש כסף עם 200 רשומים', '2018-07-23 09:02:06', NULL, NULL, 0),
(264, 12, 1, 'בגלל זה גם התרומות של האתר לא יהיה ישר ', '2018-07-23 09:02:07', NULL, NULL, 1),
(265, 12, 1, 'אחרי חודש כבר יהביו תרומות', '2018-07-23 09:02:14', NULL, NULL, 1),
(266, 12, 1, 'בדיוק', '2018-07-23 09:02:21', NULL, NULL, 1),
(267, 12, 1, 'תקשיב אפשר גם לעשות שכל משתמש שנרשם יקפוץ למשתמשים אחרים שמחפשים את הגיל הזה או המזל הזה.. ', '2018-07-23 09:03:19', NULL, NULL, 1),
(268, 1, 12, 'אפשרי', '2018-07-23 09:04:08', NULL, NULL, 0),
(269, 12, 1, 'אני רוצה שהאתר ירגיש למשתמשים שהוא מלא בעדכונים', '2018-07-23 09:04:35', NULL, NULL, 1),
(270, 12, 1, 'ובצבעים ', '2018-07-23 09:04:47', NULL, NULL, 1),
(271, 1, 12, 'עם הצבעים לא צריך להגזים', '2018-07-23 09:05:13', NULL, NULL, 0),
(272, 12, 1, 'כמה רשומים באתר,מחוברים,נרשמים.. ', '2018-07-23 09:05:19', NULL, NULL, 1),
(273, 1, 12, 'באתר צריך שיהיו מקסימום 4 צבעים', '2018-07-23 09:05:20', NULL, NULL, 0),
(274, 1, 12, 'בהתחלה זה לא טוב להראות רשומים כי יהיו לנו ממש מעט', '2018-07-23 09:05:34', NULL, NULL, 0),
(275, 12, 1, 'מסכים', '2018-07-23 09:05:57', NULL, NULL, 1),
(276, 12, 1, 'אתה רוצה לנוח קצת ? ואני אעבוד קצת על השיווק והפרסום?', '2018-07-23 09:08:27', NULL, NULL, 1),
(277, 12, 1, 'אני רוצה שמעכשיו אנשים יחכו לאתר הזה ', '2018-07-23 09:08:39', NULL, NULL, 1),
(278, 1, 12, 'איך תעבוד על השיווק אם עדיין אין אתר?', '2018-07-23 09:08:48', NULL, NULL, 0),
(279, 12, 1, 'זאת אומרת ללמוד קצת איך לשווק עוד יותר טוב', '2018-07-23 09:09:05', NULL, NULL, 1),
(280, 12, 1, 'חשוב לי לדעת אם אתהבטוח באתר', '2018-07-23 09:09:35', NULL, NULL, 1),
(281, 12, 1, 'כי אם יש לך ספק הכי קטן אז הוא יגדל ואז ... ', '2018-07-23 09:09:52', NULL, NULL, 1),
(282, 1, 12, 'אין לי שום ספק', '2018-07-23 09:10:10', NULL, NULL, 0),
(283, 1, 12, 'אני בטוח שאם נשווק טוב יש פה פוטנציאל אדיר', '2018-07-23 09:10:20', NULL, NULL, 0),
(284, 12, 1, 'כי אני מסתכל על האתר ואני אומר לעצמי זה האתר שעלה לי בראש שהיה לי את הרעיון', '2018-07-23 09:10:25', NULL, NULL, 1),
(285, 1, 12, 'כי יש פה משהו שחסר בשוק הישראלי', '2018-07-23 09:10:29', NULL, NULL, 0),
(286, 1, 12, 'אני מתחיל לעבוד עכשיו על זה שיציג מתי משתמש מקליד ואם הודעה נקראה', '2018-07-23 09:13:10', NULL, NULL, 0),
(287, 12, 1, 'סבבה אח שלי לא אפריע לך', '2018-07-23 09:13:32', NULL, NULL, 1),
(288, 1, 12, 'עוד שנה נכנס לאתר ונראה את השיחה הזאת', '2018-07-23 09:15:13', NULL, NULL, 0),
(289, 12, 1, 'ניהי עסוקים עוד שנה', '2018-07-23 09:15:37', NULL, NULL, 1),
(290, 12, 1, 'אנחנו נצטרך לספור את הכסף', '2018-07-23 09:15:59', NULL, NULL, 1),
(291, 12, 1, 'חול', '2018-07-23 09:16:25', NULL, NULL, 1),
(292, 12, 1, 'אתה ואני בתי מלון עם כמה בנות ', '2018-07-23 09:16:43', NULL, NULL, 1),
(293, 12, 1, 'ועוד כמה אתרים שאנשים אחרים ינהלו', '2018-07-23 09:17:05', NULL, NULL, 1),
(294, 1, 2, '', '2018-07-24 09:15:42', 41, NULL, 1),
(295, 1, 2, '', '2018-07-24 10:20:03', 42, NULL, 1),
(296, 1, 2, '', '2018-07-24 10:21:56', 43, NULL, 1),
(297, 1, 4, '?', '2018-07-27 12:00:51', NULL, NULL, 0),
(298, 2, 1, 'היוש חתיך', '2018-08-08 14:34:10', NULL, NULL, 1),
(299, 1, 2, 'מה קורה כפרה?', '2018-08-09 11:12:28', NULL, NULL, 1),
(300, 2, 1, 'הכל טוב אהובי', '2018-08-09 11:12:52', NULL, NULL, 1),
(301, 2, 1, 'מה איתך?', '2018-08-09 11:12:54', NULL, NULL, 1),
(302, 2, 1, 'בה', '2018-08-09 11:13:06', NULL, NULL, 1),
(303, 2, 1, 'ה', '2018-08-09 11:13:06', NULL, NULL, 1),
(304, 2, 1, 'נ', '2018-08-09 11:13:07', NULL, NULL, 1),
(305, 2, 1, 'נ', '2018-08-09 11:13:07', NULL, NULL, 1),
(306, 2, 1, 'מ', '2018-08-09 11:13:07', NULL, NULL, 1),
(307, 1, 2, 'בלו', '2018-08-09 11:15:04', NULL, NULL, 1),
(308, 1, 2, 'מה קורה', '2018-08-09 11:15:05', NULL, NULL, 1),
(309, 1, 2, 'מה', '2018-08-09 11:15:21', NULL, NULL, 1),
(310, 1, 2, 'קורה', '2018-08-09 11:15:22', NULL, NULL, 1),
(311, 2, 1, 'מה', '2018-08-09 11:16:50', NULL, NULL, 1),
(312, 2, 1, 'קורה', '2018-08-09 11:16:50', NULL, NULL, 1),
(313, 1, 2, 'ה', '2018-08-09 11:16:56', NULL, NULL, 1),
(314, 1, 2, 'נ', '2018-08-09 11:16:56', NULL, NULL, 1),
(315, 2, 1, 'ר', '2018-08-09 11:17:24', NULL, NULL, 1),
(316, 2, 1, 'א', '2018-08-09 11:17:24', NULL, NULL, 1),
(317, 1, 2, '', '2018-08-09 11:17:35', 73, NULL, 1),
(318, 1, NULL, 'בדיקה', '2018-08-10 22:44:16', NULL, NULL, 0),
(319, 1, NULL, 'בדיקה', '2018-08-10 22:49:19', NULL, 1, 0),
(320, 1, NULL, 'גגג', '2018-08-10 22:51:33', NULL, 1, 0),
(321, 1, NULL, '', '2018-08-10 22:57:44', 76, 1, 0),
(322, 1, NULL, '', '2018-08-10 22:58:04', 77, 1, 0),
(323, 1, NULL, 'להלהלה', '2018-08-11 11:44:19', NULL, 1, 0),
(324, 1, NULL, 'להלהלה', '2018-08-11 11:44:26', NULL, 1, 0),
(325, 1, NULL, 'להלהלה', '2018-08-11 11:44:44', NULL, 1, 0),
(326, 1, NULL, 'להלה', '2018-08-11 11:45:42', NULL, 1, 0),
(327, 1, NULL, 'בלבב', '2018-08-11 11:48:19', NULL, 1, 0),
(328, 1, NULL, 'גגג', '2018-08-11 11:48:29', NULL, 1, 0),
(329, 1, NULL, 'rrr', '2018-08-11 11:48:48', NULL, 1, 0),
(330, 1, 2, 'היי', '2018-08-11 11:49:48', NULL, NULL, 1),
(331, 1, 2, 'בלה', '2018-08-11 12:02:44', NULL, NULL, 1),
(332, 1, 2, 'בלה', '2018-08-11 12:02:54', NULL, NULL, 1),
(333, 1, 2, 'היוש', '2018-08-11 12:23:57', NULL, NULL, 1),
(334, 1, NULL, 'שלום', '2018-08-11 12:32:32', NULL, 1, 0),
(335, 1, 2, 'מה קורה', '2018-08-11 12:32:37', NULL, NULL, 1),
(338, 1, 2, 'היוש', '2018-08-11 12:42:26', NULL, NULL, 1),
(339, 1, NULL, 'חיחיחי', '2018-08-11 12:43:06', NULL, 1, 0),
(340, 1, NULL, 'להלהלה', '2018-08-11 12:43:40', NULL, 1, 0),
(341, 1, NULL, 'hehehe', '2018-08-11 12:47:11', NULL, 1, 0),
(342, 1, NULL, 'להלה', '2018-08-11 12:49:21', NULL, 1, 0),
(343, 2, 1, 'רררר', '2018-08-11 12:49:34', NULL, NULL, 1),
(344, 2, 1, 'eeeee', '2018-08-11 12:49:46', NULL, NULL, 1),
(345, 1, 2, 'לילילי', '2018-08-11 12:49:53', NULL, NULL, 1),
(346, 2, 1, 'קקקק', '2018-08-11 12:49:56', NULL, NULL, 1),
(347, 1, NULL, 'שלום', '2018-08-11 12:50:22', NULL, 1, 0),
(348, 2, 1, 'היי', '2018-08-11 12:50:36', NULL, NULL, 1),
(349, 1, NULL, 'היוש', '2018-08-11 12:50:50', NULL, 1, 0),
(350, 1, NULL, 'אני חרמן עלייך', '2018-08-11 12:51:28', NULL, 1, 0),
(351, 2, NULL, 'גם אני עלייך', '2018-08-11 12:51:38', NULL, 1, 0),
(352, 1, 2, 'מה קורה יזונה?', '2018-08-11 13:08:55', NULL, NULL, 1),
(353, 1, 2, 'תעני ישרמוטה', '2018-08-11 13:09:21', NULL, NULL, 1),
(354, 2, 1, 'אני רוצה אותך בתוכי', '2018-08-11 13:09:37', NULL, NULL, 1),
(355, 1, 2, 'מתי ואיפה את רוצה להיפגש?', '2018-08-11 13:09:52', NULL, NULL, 1),
(356, 2, 1, 'אצלך בבית עכשיו', '2018-08-11 13:10:05', NULL, NULL, 1),
(357, 2, 1, 'אני בדרך', '2018-08-11 13:10:07', NULL, NULL, 1),
(358, 2, 1, 'מה הכתובת?', '2018-08-11 13:10:16', NULL, NULL, 1),
(359, 1, 2, 'הנרקסיסטים 1 רמת גן', '2018-08-11 13:10:49', NULL, NULL, 1),
(360, 2, 1, 'אני בדרך', '2018-08-11 13:10:54', NULL, NULL, 1),
(361, 2, 1, 'חיים שלי', '2018-08-11 13:10:56', NULL, NULL, 1),
(362, 2, NULL, 'להלהלה', '2018-08-11 13:16:38', NULL, 1, 0),
(363, 1, 10, 'להלהלה', '2018-08-11 13:17:50', NULL, NULL, 0),
(364, 2, 1, 'אני פה תפתח לי (אותי)', '2018-08-11 13:18:15', NULL, NULL, 1),
(366, 1, NULL, 'יצר את הקבוצה', '2018-08-11 21:21:14', NULL, 10, 0),
(367, 1, NULL, 'יצר את הקבוצה', '2018-08-11 21:31:16', NULL, 11, 0),
(368, 1, NULL, 'יצר את הקבוצה', '2018-08-11 21:32:04', NULL, 12, 0),
(369, 1, NULL, '?', '2018-08-11 21:32:09', NULL, 12, 0),
(370, 1, NULL, 'יצר את הקבוצה', '2018-08-11 21:34:10', NULL, 13, 0),
(371, 1, NULL, 'יצר את הקבוצה', '2018-08-11 21:34:58', NULL, 14, 0),
(372, 1, NULL, 'יצר את הקבוצה', '2018-08-11 21:35:50', NULL, 15, 0),
(373, 1, NULL, 'יצר את הקבוצה', '2018-08-11 21:36:33', NULL, 16, 0),
(374, 2, 1, 'היי', '2018-08-12 08:21:24', NULL, NULL, 1),
(375, 2, 1, 'היי', '2018-08-12 13:22:25', NULL, NULL, 1),
(376, 1, 2, 'שלום', '2018-08-12 13:34:09', NULL, NULL, 1),
(377, 1, 2, 'זה היה סטוץ, לא יותר מזה', '2018-08-12 13:34:19', NULL, NULL, 1),
(378, 2, NULL, '', '2018-08-12 13:38:07', 90, 16, 0),
(379, 1, NULL, 'חחחח מוזר', '2018-08-12 13:38:43', NULL, 16, 0),
(380, 1, NULL, 'בדיקה', '2018-08-12 13:38:54', NULL, 16, 0),
(381, 1, NULL, '2', '2018-08-12 13:39:01', NULL, 16, 0),
(382, 2, NULL, 'ללל', '2018-08-12 13:39:35', NULL, 16, 0),
(383, 2, NULL, 'מה?', '2018-08-12 13:39:51', NULL, 16, 0),
(384, 2, NULL, 'בדיקה', '2018-08-12 13:40:44', NULL, 16, 0),
(385, 2, NULL, 'ללל', '2018-08-12 13:41:38', NULL, 16, 0),
(386, 2, NULL, 'לללל', '2018-08-12 13:41:58', NULL, 16, 0),
(387, 2, NULL, 'יייג', '2018-08-12 13:42:23', NULL, 16, 0),
(388, 2, NULL, 'רררא', '2018-08-12 13:42:44', NULL, 16, 0),
(389, 2, NULL, 'נננמ', '2018-08-12 13:43:02', NULL, 16, 0),
(390, 2, NULL, 'חחחל', '2018-08-12 13:43:15', NULL, 16, 0),
(391, 2, NULL, 'ללל', '2018-08-12 13:48:55', NULL, 16, 0),
(392, 2, NULL, 'אאאא', '2018-08-12 13:48:58', NULL, 16, 0),
(393, 2, NULL, 'פפפפפ', '2018-08-12 13:49:05', NULL, 16, 0),
(394, 2, NULL, 'בדיקה רגעלהלהלנ', '2018-08-12 13:49:31', NULL, 16, 0),
(395, 2, NULL, 'צכצכצה', '2018-08-12 13:49:58', NULL, 16, 0),
(396, 2, NULL, 'טעעו', '2018-08-12 13:50:08', NULL, 16, 0),
(397, 2, NULL, 'לףףלח', '2018-08-12 13:50:13', NULL, 16, 0),
(398, 2, NULL, 'יייי', '2018-08-12 13:52:42', NULL, 16, 0),
(399, 2, NULL, 'חללח', '2018-08-12 13:57:10', NULL, 16, 0),
(400, 2, NULL, 'צכמכמכ', '2018-08-12 13:57:20', NULL, 16, 0),
(401, 2, NULL, 'תתת', '2018-08-12 13:58:00', NULL, 16, 0),
(402, 2, NULL, 'ויייעעעע', '2018-08-12 13:58:14', NULL, 16, 0),
(403, 2, NULL, 'עעטטט', '2018-08-12 13:58:18', NULL, 16, 0),
(404, 2, NULL, 'עעע', '2018-08-12 13:58:19', NULL, 16, 0),
(405, 2, NULL, 'םםםם', '2018-08-12 13:58:29', NULL, 16, 0),
(406, 2, NULL, 'ךךך', '2018-08-12 13:58:32', NULL, 16, 0),
(407, 2, NULL, 'ףךלח', '2018-08-12 13:58:36', NULL, 16, 0),
(408, 2, NULL, 'יכיג', '2018-08-12 13:58:44', NULL, 16, 0),
(409, 2, NULL, 'ןוא', '2018-08-12 13:59:01', NULL, 16, 0),
(410, 2, NULL, 'פיפי', '2018-08-12 13:59:06', NULL, 16, 0),
(411, 2, NULL, 'לללל', '2018-08-12 13:59:13', NULL, 16, 0),
(412, 2, NULL, 'רג', '2018-08-12 13:59:42', NULL, 16, 0),
(413, 2, NULL, 'פפפפ', '2018-08-12 13:59:47', NULL, 16, 0),
(414, 2, NULL, 'אאאא', '2018-08-12 13:59:52', NULL, 16, 0),
(415, 2, NULL, 'בבבב', '2018-08-12 13:59:54', NULL, 16, 0),
(416, 2, NULL, 'גגגגגג', '2018-08-12 13:59:58', NULL, 16, 0),
(417, 2, NULL, 'םםםם', '2018-08-12 14:00:43', NULL, 16, 0),
(418, 2, NULL, 'ררר', '2018-08-12 14:00:50', NULL, 16, 0),
(419, 2, NULL, 'פפפפ', '2018-08-12 14:00:54', NULL, 16, 0),
(420, 2, NULL, 'םםןןעככ', '2018-08-12 14:00:57', NULL, 16, 0),
(421, 2, NULL, 'זזזזז', '2018-08-12 14:01:02', NULL, 16, 0),
(422, 2, NULL, 'מממיי', '2018-08-12 14:01:07', NULL, 16, 0),
(423, 2, NULL, 'םםןוון', '2018-08-12 14:01:34', NULL, 16, 0),
(424, 2, NULL, 'ףףףףף', '2018-08-12 14:01:41', NULL, 16, 0),
(425, 2, NULL, 'אאא', '2018-08-12 14:01:44', NULL, 16, 0),
(426, 2, NULL, 'חללל', '2018-08-12 14:02:26', NULL, 16, 0),
(427, 2, NULL, 'סליחה', '2018-08-12 14:02:51', NULL, 16, 0),
(428, 2, NULL, 'ביי', '2018-08-12 14:02:58', NULL, 16, 0),
(429, 2, NULL, 'ללל', '2018-08-12 14:06:03', NULL, 16, 0),
(430, 2, NULL, 'חחחח', '2018-08-12 14:07:20', NULL, 16, 0),
(431, 2, NULL, 'דחגחג', '2018-08-12 14:09:49', NULL, 16, 0),
(432, 2, NULL, 'צחח', '2018-08-12 14:11:11', NULL, 16, 0),
(433, 2, NULL, 'צצצצ', '2018-08-12 14:11:27', NULL, 16, 0),
(434, 2, NULL, 'תתת', '2018-08-12 14:12:14', NULL, 16, 0),
(435, 2, NULL, 'נממ', '2018-08-12 14:12:24', NULL, 16, 0),
(436, 2, NULL, 'פנפנפנ', '2018-08-12 14:12:41', NULL, 16, 0),
(437, 2, NULL, 'פפפפפפפפפ', '2018-08-12 14:13:04', NULL, 16, 0),
(438, 2, NULL, 'לללל', '2018-08-12 14:21:12', NULL, 16, 0),
(439, 2, NULL, 'להלהלה', '2018-08-12 14:21:30', NULL, 16, 0),
(440, 2, NULL, 'פפפפ', '2018-08-12 14:27:18', NULL, 16, 0),
(441, 2, NULL, 'חיחיחי', '2018-08-12 14:28:13', NULL, 16, 0),
(442, 1, NULL, 'חפרת אחותי', '2018-08-12 14:35:25', NULL, 16, 0),
(443, 2, 1, 'היוד', '2018-08-12 14:37:38', NULL, NULL, 1),
(444, 2, 1, 'היוש*', '2018-08-12 14:37:42', NULL, NULL, 1),
(445, 2, 1, 'היי', '2018-08-12 15:00:36', NULL, NULL, 1),
(446, 2, 1, 'טאאא', '2018-08-12 15:01:13', NULL, NULL, 1),
(447, 2, 1, 'עעע', '2018-08-12 15:03:56', NULL, NULL, 1),
(448, 2, 1, 'לללל', '2018-08-12 15:04:11', NULL, NULL, 1),
(449, 2, 1, 'היוש', '2018-08-12 17:20:19', NULL, NULL, 1),
(450, 2, 1, 'היוש', '2018-08-12 17:32:23', NULL, NULL, 1),
(451, 2, 1, 'הדש', '2018-08-12 17:34:38', NULL, NULL, 1),
(452, 2, NULL, 'להלהלה', '2018-08-12 17:35:17', NULL, 16, 0),
(453, 2, NULL, 'שלום', '2018-08-12 17:47:13', NULL, 16, 0),
(454, 2, NULL, 'ללל', '2018-08-12 17:47:29', NULL, 16, 0),
(455, 2, NULL, 'חתיךךך', '2018-08-12 17:48:08', NULL, 16, 0),
(456, 2, NULL, 'חגחגחג', '2018-08-12 17:48:40', NULL, 16, 0),
(457, 2, NULL, 'בדיקה', '2018-08-12 18:08:34', NULL, 16, 0),
(458, 2, 1, 'היוש', '2018-08-12 18:08:55', NULL, NULL, 1),
(459, 2, 1, 'היוש', '2018-08-12 18:10:48', NULL, NULL, 1),
(460, 2, 1, 'מההה', '2018-08-12 18:10:55', NULL, NULL, 1),
(461, 2, NULL, 'חיחיחי', '2018-08-12 18:11:16', NULL, 16, 0),
(462, 2, NULL, 'וואוווו', '2018-08-12 18:11:28', NULL, 1, 0),
(463, 2, 1, 'צצח', '2018-08-12 18:13:26', NULL, NULL, 1),
(464, 2, 1, 'חכחכיכ', '2018-08-12 18:13:44', NULL, NULL, 1),
(465, 2, NULL, 'בדיקוש', '2018-08-12 18:14:51', NULL, 16, 0),
(466, 2, 1, 'להלנל ', '2018-08-12 18:15:13', NULL, NULL, 1),
(467, 2, NULL, 'היי', '2018-08-12 18:16:35', NULL, 1, 0),
(468, 2, 1, 'בדיקה', '2018-08-12 18:17:06', NULL, NULL, 1),
(469, 1, 2, 'שתקיייי', '2018-08-12 19:05:18', NULL, NULL, 1),
(470, 1, NULL, 'סתמי כבר באמת', '2018-08-12 19:05:52', NULL, 1, 0),
(471, 1, NULL, 'אני אחסום אותך', '2018-08-12 19:05:55', NULL, 1, 0),
(472, 2, NULL, 'אתה לא', '2018-08-12 19:06:21', NULL, 1, 0),
(473, 2, 1, 'היי', '2018-08-13 08:45:32', NULL, NULL, 1),
(474, 1, 2, 'מה קורה?', '2018-08-13 08:45:43', NULL, NULL, 1),
(475, 2, 1, 'דבש', '2018-08-13 08:45:55', NULL, NULL, 1),
(476, 2, 1, 'איך אתה?', '2018-08-13 08:45:59', NULL, NULL, 1),
(477, 1, 2, 'חחחח הכל טוב', '2018-08-13 08:46:05', NULL, NULL, 1),
(478, 2, 1, 'וואו תשמע שאתה משעמם אחושרמוטה', '2018-08-13 08:46:17', NULL, NULL, 1),
(479, 1, 2, 'ביי', '2018-08-13 09:02:03', NULL, NULL, 1),
(480, 2, 1, 'ביוש', '2018-08-13 09:02:48', NULL, NULL, 1),
(481, 1, 2, 'חכי רגע', '2018-08-13 10:18:37', NULL, NULL, 1),
(482, 1, 2, 'מה איתך וזה', '2018-08-13 10:19:04', NULL, NULL, 1),
(483, 1, 2, 'להלהלה', '2018-08-13 10:35:22', NULL, NULL, 1),
(484, 2, 13, 'פאדיחותתת', '2018-08-13 15:41:19', NULL, NULL, 1),
(485, 2, 13, 'איזה בושות', '2018-08-13 15:41:23', NULL, NULL, 1),
(486, 13, 2, 'מה אחי?', '2018-08-13 15:42:21', NULL, NULL, 1),
(487, 2, 13, 'שתעקררר', '2018-08-13 16:09:01', NULL, NULL, 1),
(488, 13, 2, 'שתעקקקק*', '2018-08-14 08:26:25', NULL, NULL, 1),
(489, 2, 1, 'היושים', '2018-08-15 14:01:09', NULL, NULL, 1),
(490, 1, 2, 'להלהלה', '2018-08-15 14:01:40', NULL, NULL, 1),
(491, 1, NULL, 'יצר את הקבוצה', '2018-08-15 14:48:43', NULL, 17, 0),
(492, 1, NULL, 'שתעקקקקקק', '2018-08-15 15:15:17', NULL, 17, 0),
(493, 2, NULL, 'מה אתה רוצה', '2018-08-15 16:54:07', NULL, 17, 0),
(500, 14, NULL, 'יצר את הקבוצה', '2018-08-16 21:20:11', NULL, 18, 0),
(506, 14, 1, 'הההה', '2018-08-16 21:25:15', NULL, NULL, 1),
(501, 14, NULL, 'יצר את הקבוצה', '2018-08-16 21:20:43', NULL, 19, 0),
(502, 14, NULL, 'יצר את הקבוצה', '2018-08-16 21:21:32', NULL, 20, 0),
(503, 14, NULL, 'קקקק', '2018-08-16 21:21:58', NULL, 20, 0),
(504, 14, NULL, 'יצר את הקבוצה', '2018-08-16 21:22:20', NULL, 21, 0),
(505, 14, NULL, 'היוש', '2018-08-16 21:22:22', NULL, 21, 0),
(508, 1, NULL, 'להלהלה', '2018-08-16 21:50:28', NULL, 5, 0),
(509, 1, NULL, 'להלהלה', '2018-08-16 21:50:56', NULL, 5, 0),
(510, 1, NULL, 'dddddddd', '2018-08-16 21:51:14', NULL, 5, 0),
(511, 1, 14, 'הה', '2018-08-17 08:54:05', NULL, NULL, 1),
(512, 14, 1, 'היוש', '2018-08-17 08:59:52', NULL, NULL, 1),
(513, 14, 1, 'כככ', '2018-08-17 09:02:58', NULL, NULL, 1),
(514, 14, 1, 'גג', '2018-08-17 09:03:33', NULL, NULL, 1),
(515, 14, 1, 'היי', '2018-08-17 09:13:11', NULL, NULL, 1),
(516, 1, 14, 'ההה', '2018-08-17 09:14:28', NULL, NULL, 1),
(517, 14, 1, 'היי', '2018-08-17 09:17:02', NULL, NULL, 1),
(518, 1, 14, 'בב', '2018-08-17 09:38:46', NULL, NULL, 1),
(519, 14, 1, 'היוש', '2018-08-17 09:45:23', NULL, NULL, 1),
(520, 1, 14, 'מה?', '2018-08-17 09:45:30', NULL, NULL, 1),
(521, 18, 2, 'יש לי דילדו ורוד אבל שכחתי אותו בעין חרוד', '2018-08-18 12:54:43', NULL, NULL, 1),
(522, 2, 18, 'היי חמוד, רוצה בלוד? ', '2018-08-18 12:55:36', NULL, NULL, 1),
(523, 2, 18, 'יזין יבן זונה את מי אתה חושב שאתה מסנן? אתה יודע מי אני? אני מאיה פאקינג קזאילה, כוכבת הפורנו הידועה ביותר בכדור הארץ', '2018-08-18 12:58:06', NULL, NULL, 1),
(524, 2, 1, 'היי', '2018-08-18 13:12:38', NULL, NULL, 1),
(525, 19, 18, 'בואנה יחתיך', '2018-08-18 13:33:06', NULL, NULL, 1),
(526, 19, 18, 'מאיפה אתה?', '2018-08-18 13:33:10', NULL, NULL, 1),
(527, 18, 19, 'אני ממודיעין מכבים רעות ואת?', '2018-08-18 13:52:37', NULL, NULL, 1),
(528, 19, 18, 'אבו גוש יזין', '2018-08-18 13:52:57', NULL, NULL, 1),
(529, 18, 2, 'תירגעי חמודה לא מסנן פשוט הייתי באמצע צילומים של פורנו בעצמי', '2018-08-18 13:53:11', NULL, NULL, 1),
(530, 18, 19, 'פשששש', '2018-08-18 13:53:20', NULL, NULL, 1),
(531, 2, 18, 'וואלה? גם אתה כוכב?', '2018-08-18 13:53:28', NULL, NULL, 1),
(532, 18, 19, 'רוצה סטוץ חמוץ?', '2018-08-18 13:53:37', NULL, NULL, 1),
(533, 18, 2, 'אכן', '2018-08-18 13:53:45', NULL, NULL, 1),
(534, 18, 2, 'אני מככב בעיקר בסדרה של סאחים בערוץ 2', '2018-08-18 13:53:59', NULL, NULL, 1),
(535, 18, 2, 'עכשיו את מסננת אה יזונה', '2018-08-18 13:55:23', NULL, NULL, 1),
(536, 18, 2, 'אני מבין שאת לא רוצה זין', '2018-08-18 13:55:28', NULL, NULL, 1),
(537, 2, 18, 'לא מסננת אחי', '2018-08-18 13:56:48', NULL, NULL, 1),
(538, 18, 2, 'טוב בואי תמצצי לי', '2018-08-18 13:57:36', NULL, NULL, 1),
(539, 18, 2, 'את באה?', '2018-08-18 14:00:06', NULL, NULL, 1),
(540, 2, 18, 'כן חיימשלי', '2018-08-18 14:00:19', NULL, NULL, 1),
(541, 18, 2, 'אני אראה לך תמונה מקדימה של מה שתקבלי?', '2018-08-18 14:01:20', NULL, NULL, 1),
(542, 2, 18, 'בטל', '2018-08-18 14:01:26', NULL, NULL, 1),
(543, 18, 2, '8===========================O', '2018-08-18 14:02:14', NULL, NULL, 1),
(544, 2, 18, '', '2018-08-18 14:02:36', 118, NULL, 1),
(545, 2, 18, 'אין תגובה?', '2018-08-18 14:03:32', NULL, NULL, 1),
(546, 2, 18, 'נורא התאמצתי על זה', '2018-08-18 14:03:36', NULL, NULL, 1),
(547, 19, 18, 'רוצה זין בעין', '2018-08-18 14:03:44', NULL, NULL, 1),
(548, 19, 18, '!!!', '2018-08-18 14:03:49', NULL, NULL, 1),
(549, 18, 19, 'את?', '2018-08-18 14:04:52', NULL, NULL, 1),
(550, 18, 2, 'איזה כוס רחבבבב', '2018-08-18 14:05:06', NULL, NULL, 1),
(551, 18, 2, 'את לא שונאת אותי כי אני פופולארי אחושרמוטה נכון?', '2018-08-18 14:09:24', NULL, NULL, 1),
(552, 2, 18, 'בכלל לא', '2018-08-18 14:09:39', NULL, NULL, 0),
(553, 2, 18, 'אני אפילו חושבת שזה מחרמן רצח', '2018-08-18 14:09:48', NULL, NULL, 0),
(554, 20, 1, 'בוקר', '2018-08-22 21:40:21', NULL, NULL, 1),
(555, 1, 20, 'היי', '2018-08-22 21:40:53', NULL, NULL, 1),
(556, 20, 1, 'עעיח', '2018-08-22 21:41:08', NULL, NULL, 1),
(557, 1, 20, 'היושששש', '2018-08-22 21:41:30', NULL, NULL, 1),
(558, 1, 20, 'עוד אחת', '2018-08-22 21:41:38', NULL, NULL, 1),
(559, 1, 20, 'זגכש/ר', '2018-08-22 21:41:55', NULL, NULL, 1),
(560, 20, 1, 'עיכוק', '2018-08-22 21:42:15', NULL, NULL, 1),
(561, 20, 1, 'חיקוק', '2018-08-22 21:42:51', NULL, NULL, 1),
(562, 20, 1, 'מילוקילפ', '2018-08-22 21:43:20', NULL, NULL, 1),
(563, 20, 1, 'ליך', '2018-08-22 21:43:53', NULL, NULL, 1),
(564, 21, 22, '\r\n\r\n', '2018-08-25 14:28:12', NULL, NULL, 0),
(565, 21, 22, '\r\n\r\n', '2018-08-25 14:28:12', NULL, NULL, 0),
(566, 21, 22, '\r\n\r\n', '2018-08-25 14:28:13', NULL, NULL, 0),
(567, 21, 22, '\r\n\r\n', '2018-08-25 14:28:14', NULL, NULL, 0),
(568, 21, 22, '\r\n\r\n', '2018-08-25 14:28:14', NULL, NULL, 0),
(569, 21, 22, '&lt;div style="height: 100px; width: 100px; background-color: lightgreen; border-radius: 50%;"&gt;&lt;/div&gt;', '2018-08-25 14:29:36', NULL, NULL, 0),
(570, 21, 22, '\r\n\r\nככ\r\n', '2018-08-25 14:31:38', NULL, NULL, 0),
(571, 21, 22, 'גג\r\n\r\nגשדג\r\n', '2018-08-25 14:31:56', NULL, NULL, 0),
(572, 21, 22, 'היי', '2018-08-25 14:38:31', NULL, NULL, 0),
(573, 21, 22, 'היי\r\nביי\r\nשלום\r\n\r\nוברכה\r\n', '2018-08-25 14:38:43', NULL, NULL, 0),
(574, 21, 22, 'היוש', '2018-08-25 14:40:47', NULL, NULL, 0),
(575, 2, 1, 'בא לפה הרבה?', '2018-11-16 15:22:41', NULL, NULL, 1),
(576, 1, 2, 'מה לא ברור? לא רוצה לדבר איתך', '2018-11-16 15:23:12', NULL, NULL, 1),
(577, 2, 1, 'טוב ביי', '2018-11-16 15:24:39', NULL, NULL, 1),
(578, 2, 1, '', '2018-11-16 15:24:42', 125, NULL, 1),
(579, 1, 2, 'חחח מה זה?', '2018-11-16 15:24:51', NULL, NULL, 1),
(580, 2, 1, 'יש לי תמונות עירום שלך, אם לא תצא איתי אני אפיץ אותן', '2018-11-16 15:25:13', NULL, NULL, 1),
(581, 1, 2, 'טוב', '2018-11-16 15:25:36', NULL, NULL, 1),
(582, 1, 2, 'לא ידעתי', '2018-11-16 15:25:37', NULL, NULL, 1),
(583, 1, NULL, 'יצר את הקבוצה', '2018-12-07 19:37:39', NULL, 23, 0),
(584, 1, NULL, 'אח שלי היקר', '2018-12-07 19:37:46', NULL, 23, 0),
(585, 2, NULL, 'מי זה?', '2018-12-07 19:40:11', NULL, 23, 0),
(586, 2, NULL, 'יצר את הקבוצה', '2018-12-07 19:41:12', NULL, 24, 0),
(587, 1, NULL, 'היי', '2018-12-07 20:05:10', NULL, 24, 0),
(588, 2, NULL, 'מה קורה גבר?', '2018-12-07 20:15:08', NULL, 24, 0),
(589, 1, NULL, 'היי כוסית', '2018-12-08 11:28:02', NULL, 24, 0),
(590, 1, NULL, 'רוצה בטוסיק?', '2018-12-08 11:28:04', NULL, 24, 0),
(591, 2, 1, 'גגג', '2018-12-09 17:05:33', NULL, NULL, 1),
(592, 1, 22, 'היי', '2018-12-21 07:29:34', NULL, NULL, 0),
(593, 1, 22, 'שלום!', '2018-12-21 07:30:59', NULL, NULL, 0),
(594, 1, 22, 'שלום!!!!', '2018-12-21 07:32:11', NULL, NULL, 0),
(595, 1, 22, 'תעני ', '2018-12-21 07:34:41', NULL, NULL, 0),
(596, 1, 22, 'ccc', '2018-12-21 12:35:34', NULL, NULL, 0),
(597, 1, 22, 'ff', '2018-12-21 12:49:02', NULL, NULL, 0),
(598, 1, 22, 'ff', '2018-12-21 12:49:11', NULL, NULL, 0),
(599, 1, 22, 'ff', '2018-12-21 12:49:16', NULL, NULL, 0),
(600, 1, 22, 'שדגשדג\n', '2018-12-21 12:54:50', NULL, NULL, 0),
(601, 1, 22, '<img src="/AlphaDate/img/emojis/blank.gif" class="img" style="display:inline-block;width:25px;height:25px;background:url(\'/AlphaDate/img/emojis/emoji_spritesheet_0.png\') -375px 0px no-repeat;background-size:675px 175px;transform: scale(0.75);margin-right: -4px;" alt=":grin:">', '2018-12-21 12:58:20', NULL, NULL, 0),
(602, 1, 22, '<img src="/AlphaDate/img/emojis/blank.gif" class="img" style="display:inline-block;width:25px;height:25px;background:url(\'/AlphaDate/img/emojis/emoji_spritesheet_0.png\') -425px 0px no-repeat;background-size:675px 175px;transform: scale(0.75);margin-right: -4px;" alt=":relieved:"><img src="/AlphaDate/img/emojis/blank.gif" class="img" style="display:inline-block;width:25px;height:25px;background:url(\'/AlphaDate/img/emojis/emoji_spritesheet_0.png\') -425px 0px no-repeat;background-size:675px 175px;transform: scale(0.75);margin-right: -4px;" alt=":relieved:"><img src="/AlphaDate/img/emojis/blank.gif" class="img" style="display:inline-block;width:25px;height:25px;background:url(\'/AlphaDate/img/emojis/emoji_spritesheet_0.png\') -425px 0px no-repeat;background-size:675px 175px;transform: scale(0.75);margin-right: -4px;" alt=":relieved:">', '2018-12-21 12:58:30', NULL, NULL, 0),
(604, 1, 22, ':joy::joy:', '2018-12-21 13:15:22', NULL, NULL, 0),
(605, 1, 22, ':grin::grin:', '2018-12-21 14:00:03', NULL, NULL, 0),
(606, 1, 22, 'היי', '2018-12-21 15:03:37', NULL, NULL, 0),
(611, 1, 22, 'בדיקה :joy: :joy::joy::movie_camera::pensive::fireworks:', '2018-12-21 15:07:08', NULL, NULL, 0),
(616, 1, 22, 'בדיקה&amp;nbsp;:see_no_evil::unamused::smiley:', '2018-12-21 15:56:59', NULL, NULL, 0),
(617, 1, 22, 'בדיקה :sob::relaxed::sweat_smile:', '2018-12-21 15:57:13', NULL, NULL, 0),
(618, 1, 22, ':grinning:', '2018-12-21 16:06:17', NULL, NULL, 0),
(619, 1, NULL, 'adsdas', '2018-12-21 16:24:21', NULL, 24, 0),
(615, 1, 22, 'שדגשדג :kiss::smirk::rage:', '2018-12-21 15:45:34', NULL, NULL, 0),
(620, 1, NULL, '&lt;div&gt;&lt;br&gt;&lt;/div&gt;&lt;div&gt;asdas&lt;/div&gt;', '2018-12-21 16:24:22', NULL, 24, 0),
(621, 1, NULL, '&lt;div&gt;&lt;br&gt;&lt;/div&gt;&lt;div&gt;dasdajklsr&lt;/div&gt;', '2018-12-21 16:24:23', NULL, 24, 0),
(622, 1, NULL, '&lt;div&gt;&lt;br&gt;&lt;/div&gt;&lt;div&gt;awawjke&lt;/div&gt;', '2018-12-21 16:24:23', NULL, 24, 0),
(623, 1, NULL, '&lt;div&gt;&lt;br&gt;&lt;/div&gt;&lt;div&gt;&lt;br&gt;&lt;/div&gt;', '2018-12-21 16:24:24', NULL, 24, 0),
(624, 1, NULL, '&lt;div&gt;&lt;br&gt;&lt;/div&gt;&lt;div&gt;asndmasd&lt;/div&gt;', '2018-12-21 16:24:24', NULL, 24, 0),
(625, 1, 22, 'בדיקה', '2018-12-21 16:34:30', NULL, NULL, 0),
(626, 1, 22, 'בדיקה&lt;br&gt;בדיקתית', '2018-12-21 16:34:35', NULL, NULL, 0),
(627, 1, 22, 'בדיקה בדיקתית', '2018-12-21 16:35:00', NULL, NULL, 0),
(628, 1, 22, 'מה הולך פה&lt;br&gt;יאלהדכלהצ לג/לךק\'ר', '2018-12-21 16:35:20', NULL, NULL, 0),
(629, 1, 22, 'בדיקה&lt;br&gt;בדיקתית', '2018-12-21 16:38:02', NULL, NULL, 0),
(630, 1, 22, 'בדיקה&lt;br&gt;בדיקתית', '2018-12-21 16:38:24', NULL, NULL, 0),
(631, 1, 22, ' lt;div style=&quot;background-color: blue; height: 40px; width: 40px&quot; gt; lt;/div gt;', '2018-12-21 16:43:11', NULL, NULL, 0),
(632, 1, 22, 'ס', '2018-12-21 16:45:18', NULL, NULL, 0),
(633, 1, 22, '&lt;div&gt;&lt;br&gt;&lt;/div&gt;&lt;div&gt;גיג&lt;/div&gt;', '2018-12-21 16:45:21', NULL, NULL, 0),
(634, 1, 22, 'בדיקה', '2018-12-21 16:45:47', NULL, NULL, 0),
(635, 1, 22, 'בדיקההההה', '2018-12-21 16:45:56', NULL, NULL, 0),
(636, 1, 22, 'בדיקה :+1:', '2018-12-21 16:46:14', NULL, NULL, 0),
(637, 1, 22, 'שדגשדג', '2018-12-21 16:47:48', NULL, NULL, 0),
(638, 1, 22, 'שדג ג :smile:', '2018-12-21 16:47:54', NULL, NULL, 0),
(639, 1, 22, 'שגשדג :heart:', '2018-12-21 16:49:34', NULL, NULL, 0),
(640, 1, 22, 'שדשדג :speak_no_evil:', '2018-12-21 16:49:58', NULL, NULL, 0),
(641, 1, 22, ':stuck_out_tongue_closed_eyes:שדשגד ', '2018-12-21 16:50:29', NULL, NULL, 0),
(642, 1, 22, 'שדגשדג :joy:', '2018-12-21 16:51:06', NULL, NULL, 0),
(643, 1, 22, 'בדיקה אחרונה להיות בלי נדר :heart_eyes:', '2018-12-21 16:52:06', NULL, NULL, 0),
(644, 1, 22, ':rage::rage::rage:', '2018-12-21 16:52:14', NULL, NULL, 0),
(645, 1, 22, ':zero::zero:', '2018-12-22 10:19:25', NULL, NULL, 0),
(646, 1, 22, 'כככ', '2018-12-22 10:21:48', NULL, NULL, 0),
(647, 1, 22, ':keycap_ten::nine::eight::seven:', '2018-12-22 10:36:23', NULL, NULL, 0),
(648, 1, 22, ':sheep:', '2018-12-22 11:02:30', NULL, NULL, 0),
(649, 1, NULL, 'יצרה את הקבוצה', '2018-12-22 14:52:02', NULL, 25, 0),
(650, 1, NULL, 'היי כוסית', '2019-01-06 16:25:29', NULL, 25, 0),
(651, 1, NULL, 'רוצה בטוסיק', '2019-01-06 16:25:32', NULL, 25, 0),
(652, 1, NULL, 'כע', '2019-01-06 16:25:41', NULL, 25, 0),
(653, 1, 22, 'אא', '2019-01-06 16:25:48', NULL, NULL, 0),
(654, 1, 22, 'היי כוסי', '2019-01-06 16:25:50', NULL, NULL, 0),
(655, 1, 22, 'רוצה בטוסי', '2019-01-06 16:25:53', NULL, NULL, 0),
(656, 1, NULL, 'בדיקה', '2019-01-06 16:27:04', NULL, 25, 0),
(657, 1, NULL, 'חהחהח', '2019-01-06 16:27:08', NULL, 25, 0),
(658, 1, NULL, 'ח\'דקא', '2019-01-06 16:27:11', NULL, 25, 0),
(659, 1, NULL, ':green_heart::green_heart::green_heart:', '2019-01-06 16:27:31', NULL, 25, 0),
(660, 25, 1, ':fist::sweat_drops::sweat_drops:', '2019-01-06 16:59:57', NULL, NULL, 1),
(661, 1, 25, 'היי (;', '2019-01-06 17:00:12', NULL, NULL, 1),
(662, 1, 25, 'חחחחחחח', '2019-01-06 17:00:24', NULL, NULL, 1),
(663, 25, 1, ':eggplant::eggplant::eggplant:', '2019-01-06 17:00:26', NULL, NULL, 1),
(664, 25, 27, 'היי', '2019-01-06 17:16:55', NULL, NULL, 1),
(665, 1, 25, 'היי', '2019-01-06 17:26:04', NULL, NULL, 1),
(666, 27, 25, 'באה לפה הרבה?', '2019-01-06 17:26:35', NULL, NULL, 1),
(667, 25, 27, 'כן ואתה', '2019-01-06 17:27:07', NULL, NULL, 0),
(668, 25, 27, 'הייייייי', '2019-01-06 17:27:10', NULL, NULL, 0),
(669, 25, 27, 'הייייייי', '2019-01-06 17:27:15', NULL, NULL, 0),
(670, 25, 27, 'הייייייי', '2019-01-06 17:27:21', NULL, NULL, 0),
(671, 1, 25, 'רר', '2019-01-06 17:27:23', NULL, NULL, 0),
(672, 1, 28, 'היושש :sheep:', '2019-01-06 17:28:42', NULL, NULL, 1),
(673, 28, 1, 'הכותל זה לא הדבר היחיד שאני מתכנן לחדור... :smirk:', '2019-01-06 17:30:38', NULL, NULL, 1),
(674, 1, 28, 'לא הבנתי', '2019-01-06 17:30:49', NULL, NULL, 1),
(675, 1, 28, 'מה עוד?', '2019-01-06 17:30:51', NULL, NULL, 1),
(676, 1, 25, 'ממחח', '2021-08-02 20:59:05', NULL, NULL, 0),
(677, 1, 25, ':frog: חירבון', '2021-08-02 21:07:59', NULL, NULL, 0);

-- --------------------------------------------------------

--
-- Table structure for table `open_chatboxes`
--

CREATE TABLE `open_chatboxes` (
  `id` int(11) NOT NULL,
  `user_id` int(11) NOT NULL,
  `to_id` int(11) DEFAULT NULL,
  `is_folded` tinyint(1) NOT NULL DEFAULT '0',
  `group_id` int(11) DEFAULT NULL
) ENGINE=MyISAM DEFAULT CHARSET=utf8 COLLATE=utf8_unicode_ci;

--
-- Dumping data for table `open_chatboxes`
--

INSERT INTO `open_chatboxes` (`id`, `user_id`, `to_id`, `is_folded`, `group_id`) VALUES
(331, 20, 1, 0, NULL),
(366, 22, 1, 0, NULL),
(408, 27, 25, 0, NULL),
(329, 19, 18, 1, NULL),
(334, 22, 21, 0, NULL),
(327, 18, 19, 0, NULL),
(363, 2, 1, 0, NULL),
(403, 25, 1, 0, NULL),
(322, 18, 2, 0, NULL),
(404, 25, 27, 1, NULL),
(410, 28, 1, 0, NULL),
(448, 1, 25, 0, NULL);

-- --------------------------------------------------------

--
-- Table structure for table `paid_heads`
--

CREATE TABLE `paid_heads` (
  `id` int(11) NOT NULL,
  `user_id` int(11) NOT NULL,
  `date` timestamp NOT NULL DEFAULT CURRENT_TIMESTAMP
) ENGINE=MyISAM DEFAULT CHARSET=latin1;

--
-- Dumping data for table `paid_heads`
--

INSERT INTO `paid_heads` (`id`, `user_id`, `date`) VALUES
(1, 1, '2018-07-24 17:33:41'),
(2, 2, '2018-07-24 17:33:41'),
(3, 1, '2018-08-15 14:57:58'),
(4, 2, '2018-08-15 14:57:58'),
(5, 3, '2018-08-15 14:58:02'),
(6, 4, '2018-08-15 14:58:02');

-- --------------------------------------------------------

--
-- Table structure for table `password_reset_tokens`
--

CREATE TABLE `password_reset_tokens` (
  `id` int(11) NOT NULL,
  `user_id` int(11) NOT NULL,
  `token` text NOT NULL,
  `date` timestamp NOT NULL DEFAULT CURRENT_TIMESTAMP,
  `is_used` tinyint(1) NOT NULL DEFAULT '0'
) ENGINE=MyISAM DEFAULT CHARSET=latin1;

--
-- Dumping data for table `password_reset_tokens`
--

INSERT INTO `password_reset_tokens` (`id`, `user_id`, `token`, `date`, `is_used`) VALUES
(28, 1, '5f2fd425dc332eedee5f12dd5a6b544d', '2018-12-08 10:03:56', 0),
(29, 1, '88368f9d6bb9d5e8b21e146847557ad8', '2018-12-08 10:04:29', 0),
(30, 1, '68b97f4b3186c7a6ac0bd569a32a718c', '2018-12-21 08:27:10', 0),
(31, 28, 'a412440d7d788b4413aa5e4e26791d47', '2019-01-06 17:05:52', 0),
(32, 27, '705feb190d9064fc4c8c60f312d33a92', '2019-01-06 17:07:47', 0);

-- --------------------------------------------------------

--
-- Table structure for table `pending_messages`
--

CREATE TABLE `pending_messages` (
  `id` int(11) NOT NULL,
  `to_id` int(11) DEFAULT NULL,
  `date` timestamp NOT NULL DEFAULT CURRENT_TIMESTAMP,
  `message_id` int(11) NOT NULL,
  `group_id` int(11) DEFAULT NULL
) ENGINE=MyISAM DEFAULT CHARSET=utf8 COLLATE=utf8_unicode_ci;

--
-- Dumping data for table `pending_messages`
--

INSERT INTO `pending_messages` (`id`, `to_id`, `date`, `message_id`, `group_id`) VALUES
(142, 10, '2018-08-12 13:41:38', 385, 16),
(140, 10, '2018-08-12 13:40:44', 384, 16),
(138, 10, '2018-08-12 13:39:51', 383, 16),
(136, 10, '2018-08-12 13:39:35', 382, 16),
(134, 10, '2018-08-12 13:39:01', 381, 16),
(132, 10, '2018-08-12 13:38:54', 380, 16),
(130, 10, '2018-08-12 13:38:43', 379, 16),
(128, 10, '2018-08-12 13:38:07', 378, 16),
(122, 10, '2018-08-11 21:36:33', 373, 16),
(330, 11, '2018-08-16 21:20:11', 500, 18),
(119, 5, '2018-08-11 21:32:09', 369, 12),
(118, 12, '2018-08-11 21:32:09', 369, 12),
(117, 4, '2018-08-11 21:32:09', 369, 12),
(116, 10, '2018-08-11 21:32:09', 369, 12),
(150, 10, '2018-08-12 13:43:02', 389, 16),
(148, 10, '2018-08-12 13:42:44', 388, 16),
(146, 10, '2018-08-12 13:42:23', 387, 16),
(144, 10, '2018-08-12 13:41:58', 386, 16),
(315, 4, '2018-08-15 14:48:43', 491, 17),
(113, 10, '2018-08-11 13:17:50', 363, NULL),
(152, 10, '2018-08-12 13:43:15', 390, 16),
(154, 10, '2018-08-12 13:48:55', 391, 16),
(156, 10, '2018-08-12 13:48:58', 392, 16),
(158, 10, '2018-08-12 13:49:05', 393, 16),
(160, 10, '2018-08-12 13:49:31', 394, 16),
(162, 10, '2018-08-12 13:49:58', 395, 16),
(164, 10, '2018-08-12 13:50:08', 396, 16),
(166, 10, '2018-08-12 13:50:13', 397, 16),
(168, 10, '2018-08-12 13:52:42', 398, 16),
(170, 10, '2018-08-12 13:57:10', 399, 16),
(172, 10, '2018-08-12 13:57:20', 400, 16),
(174, 10, '2018-08-12 13:58:00', 401, 16),
(176, 10, '2018-08-12 13:58:14', 402, 16),
(178, 10, '2018-08-12 13:58:18', 403, 16),
(180, 10, '2018-08-12 13:58:19', 404, 16),
(182, 10, '2018-08-12 13:58:29', 405, 16),
(184, 10, '2018-08-12 13:58:32', 406, 16),
(186, 10, '2018-08-12 13:58:36', 407, 16),
(188, 10, '2018-08-12 13:58:44', 408, 16),
(190, 10, '2018-08-12 13:59:01', 409, 16),
(192, 10, '2018-08-12 13:59:06', 410, 16),
(194, 10, '2018-08-12 13:59:13', 411, 16),
(196, 10, '2018-08-12 13:59:42', 412, 16),
(198, 10, '2018-08-12 13:59:47', 413, 16),
(200, 10, '2018-08-12 13:59:52', 414, 16),
(202, 10, '2018-08-12 13:59:54', 415, 16),
(204, 10, '2018-08-12 13:59:58', 416, 16),
(206, 10, '2018-08-12 14:00:43', 417, 16),
(208, 10, '2018-08-12 14:00:50', 418, 16),
(210, 10, '2018-08-12 14:00:54', 419, 16),
(212, 10, '2018-08-12 14:00:57', 420, 16),
(214, 10, '2018-08-12 14:01:02', 421, 16),
(216, 10, '2018-08-12 14:01:07', 422, 16),
(218, 10, '2018-08-12 14:01:34', 423, 16),
(220, 10, '2018-08-12 14:01:41', 424, 16),
(222, 10, '2018-08-12 14:01:44', 425, 16),
(224, 10, '2018-08-12 14:02:26', 426, 16),
(226, 10, '2018-08-12 14:02:51', 427, 16),
(228, 10, '2018-08-12 14:02:58', 428, 16),
(230, 10, '2018-08-12 14:06:03', 429, 16),
(232, 10, '2018-08-12 14:07:20', 430, 16),
(234, 10, '2018-08-12 14:09:49', 431, 16),
(236, 10, '2018-08-12 14:11:11', 432, 16),
(238, 10, '2018-08-12 14:11:27', 433, 16),
(240, 10, '2018-08-12 14:12:14', 434, 16),
(242, 10, '2018-08-12 14:12:24', 435, 16),
(244, 10, '2018-08-12 14:12:41', 436, 16),
(246, 10, '2018-08-12 14:13:04', 437, 16),
(248, 10, '2018-08-12 14:21:12', 438, 16),
(250, 10, '2018-08-12 14:21:30', 439, 16),
(252, 10, '2018-08-12 14:27:18', 440, 16),
(254, 10, '2018-08-12 14:28:13', 441, 16),
(256, 10, '2018-08-12 14:35:25', 442, 16),
(267, 10, '2018-08-12 17:35:17', 452, 16),
(269, 10, '2018-08-12 17:47:13', 453, 16),
(271, 10, '2018-08-12 17:47:29', 454, 16),
(273, 10, '2018-08-12 17:48:08', 455, 16),
(275, 10, '2018-08-12 17:48:40', 456, 16),
(277, 10, '2018-08-12 18:08:34', 457, 16),
(282, 10, '2018-08-12 18:11:16', 461, 16),
(287, 10, '2018-08-12 18:14:51', 465, 16),
(314, 10, '2018-08-15 14:48:43', 491, 17),
(317, 10, '2018-08-15 15:15:17', 492, 17),
(318, 4, '2018-08-15 15:15:17', 492, 17),
(320, 10, '2018-08-15 16:54:07', 493, 17),
(321, 4, '2018-08-15 16:54:07', 493, 17),
(329, 11, '2018-08-16 21:19:50', 499, NULL),
(323, 10, '2018-08-15 16:54:08', 494, 17),
(324, 4, '2018-08-15 16:54:08', 494, 17),
(332, 11, '2018-08-16 21:20:43', 501, 19),
(334, 11, '2018-08-16 21:21:32', 502, 20),
(336, 11, '2018-08-16 21:21:58', 503, 20),
(338, 11, '2018-08-16 21:22:20', 504, 21),
(340, 11, '2018-08-16 21:22:22', 505, 21),
(410, 22, '2018-08-25 14:28:14', 568, NULL),
(344, 10, '2018-08-16 21:47:51', 507, 5),
(409, 22, '2018-08-25 14:28:14', 567, NULL),
(346, 10, '2018-08-16 21:50:28', 508, 5),
(408, 22, '2018-08-25 14:28:13', 566, NULL),
(348, 10, '2018-08-16 21:50:56', 509, 5),
(407, 22, '2018-08-25 14:28:12', 565, NULL),
(350, 10, '2018-08-16 21:51:14', 510, 5),
(406, 22, '2018-08-25 14:28:12', 564, NULL),
(411, 22, '2018-08-25 14:29:36', 569, NULL),
(412, 22, '2018-08-25 14:31:38', 570, NULL),
(413, 22, '2018-08-25 14:31:56', 571, NULL),
(414, 22, '2018-08-25 14:38:31', 572, NULL),
(415, 22, '2018-08-25 14:38:43', 573, NULL),
(416, 22, '2018-08-25 14:40:47', 574, NULL),
(434, 20, '2018-12-07 19:40:11', 585, 23),
(426, 20, '2018-12-07 19:37:39', 583, 23),
(427, 14, '2018-12-07 19:37:39', 583, 23),
(428, 10, '2018-12-07 19:37:39', 583, 23),
(454, 22, '2018-12-21 07:30:59', 593, NULL),
(430, 20, '2018-12-07 19:37:46', 584, 23),
(431, 14, '2018-12-07 19:37:46', 584, 23),
(432, 10, '2018-12-07 19:37:46', 584, 23),
(435, 14, '2018-12-07 19:40:11', 585, 23),
(436, 10, '2018-12-07 19:40:11', 585, 23),
(438, 18, '2018-12-07 19:41:12', 586, 24),
(439, 13, '2018-12-07 19:41:12', 586, 24),
(441, 18, '2018-12-07 20:05:10', 587, 24),
(442, 13, '2018-12-07 20:05:10', 587, 24),
(444, 18, '2018-12-07 20:15:08', 588, 24),
(445, 13, '2018-12-07 20:15:08', 588, 24),
(447, 18, '2018-12-08 11:28:02', 589, 24),
(448, 13, '2018-12-08 11:28:02', 589, 24),
(453, 22, '2018-12-21 07:29:34', 592, NULL),
(450, 18, '2018-12-08 11:28:04', 590, 24),
(451, 13, '2018-12-08 11:28:04', 590, 24),
(455, 22, '2018-12-21 07:32:11', 594, NULL),
(456, 22, '2018-12-21 07:34:41', 595, NULL),
(457, 22, '2018-12-21 12:35:34', 596, NULL),
(458, 22, '2018-12-21 12:49:02', 597, NULL),
(459, 22, '2018-12-21 12:49:11', 598, NULL),
(460, 22, '2018-12-21 12:49:16', 599, NULL),
(461, 22, '2018-12-21 12:54:50', 600, NULL),
(462, 22, '2018-12-21 12:56:23', 0, NULL),
(463, 22, '2018-12-21 12:56:34', 0, NULL),
(464, 22, '2018-12-21 12:57:49', 0, NULL),
(465, 22, '2018-12-21 12:58:20', 601, NULL),
(466, 22, '2018-12-21 12:58:30', 602, NULL),
(467, 22, '2018-12-21 13:01:44', 603, NULL),
(468, 22, '2018-12-21 13:15:22', 604, NULL),
(469, 22, '2018-12-21 14:00:03', 605, NULL),
(470, 22, '2018-12-21 15:03:37', 606, NULL),
(471, 22, '2018-12-21 15:03:47', 607, NULL),
(472, 22, '2018-12-21 15:05:08', 608, NULL),
(473, 22, '2018-12-21 15:06:02', 609, NULL),
(474, 22, '2018-12-21 15:06:23', 610, NULL),
(475, 22, '2018-12-21 15:07:08', 611, NULL),
(476, 22, '2018-12-21 15:43:42', 612, NULL),
(477, 22, '2018-12-21 15:44:32', 613, NULL),
(478, 22, '2018-12-21 15:45:23', 614, NULL),
(479, 22, '2018-12-21 15:45:34', 615, NULL),
(480, 22, '2018-12-21 15:56:59', 616, NULL),
(481, 22, '2018-12-21 15:57:13', 617, NULL),
(482, 22, '2018-12-21 16:06:18', 618, NULL),
(483, 2, '2018-12-21 16:24:21', 619, 24),
(484, 18, '2018-12-21 16:24:21', 619, 24),
(485, 13, '2018-12-21 16:24:21', 619, 24),
(486, 2, '2018-12-21 16:24:22', 620, 24),
(487, 18, '2018-12-21 16:24:22', 620, 24),
(488, 13, '2018-12-21 16:24:22', 620, 24),
(489, 2, '2018-12-21 16:24:23', 621, 24),
(490, 18, '2018-12-21 16:24:23', 621, 24),
(491, 13, '2018-12-21 16:24:23', 621, 24),
(492, 2, '2018-12-21 16:24:23', 622, 24),
(493, 18, '2018-12-21 16:24:23', 622, 24),
(494, 13, '2018-12-21 16:24:23', 622, 24),
(495, 2, '2018-12-21 16:24:24', 623, 24),
(496, 18, '2018-12-21 16:24:24', 623, 24),
(497, 13, '2018-12-21 16:24:24', 623, 24),
(498, 2, '2018-12-21 16:24:24', 624, 24),
(499, 18, '2018-12-21 16:24:24', 624, 24),
(500, 13, '2018-12-21 16:24:24', 624, 24),
(501, 22, '2018-12-21 16:34:30', 625, NULL),
(502, 22, '2018-12-21 16:34:35', 626, NULL),
(503, 22, '2018-12-21 16:35:00', 627, NULL),
(504, 22, '2018-12-21 16:35:20', 628, NULL),
(505, 22, '2018-12-21 16:38:02', 629, NULL),
(506, 22, '2018-12-21 16:38:24', 630, NULL),
(507, 22, '2018-12-21 16:43:11', 631, NULL),
(508, 22, '2018-12-21 16:45:18', 632, NULL),
(509, 22, '2018-12-21 16:45:21', 633, NULL),
(510, 22, '2018-12-21 16:45:47', 634, NULL),
(511, 22, '2018-12-21 16:45:56', 635, NULL),
(512, 22, '2018-12-21 16:46:14', 636, NULL),
(513, 22, '2018-12-21 16:47:48', 637, NULL),
(514, 22, '2018-12-21 16:47:54', 638, NULL),
(515, 22, '2018-12-21 16:49:34', 639, NULL),
(516, 22, '2018-12-21 16:49:58', 640, NULL),
(517, 22, '2018-12-21 16:50:29', 641, NULL),
(518, 22, '2018-12-21 16:51:06', 642, NULL),
(519, 22, '2018-12-21 16:52:06', 643, NULL),
(520, 22, '2018-12-21 16:52:14', 644, NULL),
(521, 22, '2018-12-22 10:19:25', 645, NULL),
(522, 22, '2018-12-22 10:21:48', 646, NULL),
(523, 22, '2018-12-22 10:36:23', 647, NULL),
(524, 22, '2018-12-22 11:02:30', 648, NULL),
(525, 20, '2018-12-22 14:52:02', 649, 25),
(526, 14, '2018-12-22 14:52:02', 649, 25),
(527, 20, '2019-01-06 16:25:29', 650, 25),
(528, 14, '2019-01-06 16:25:29', 650, 25),
(529, 20, '2019-01-06 16:25:32', 651, 25),
(530, 14, '2019-01-06 16:25:32', 651, 25),
(531, 20, '2019-01-06 16:25:41', 652, 25),
(532, 14, '2019-01-06 16:25:41', 652, 25),
(533, 22, '2019-01-06 16:25:48', 653, NULL),
(534, 22, '2019-01-06 16:25:50', 654, NULL),
(535, 22, '2019-01-06 16:25:53', 655, NULL),
(536, 20, '2019-01-06 16:27:04', 656, 25),
(537, 14, '2019-01-06 16:27:04', 656, 25),
(538, 20, '2019-01-06 16:27:08', 657, 25),
(539, 14, '2019-01-06 16:27:08', 657, 25),
(540, 20, '2019-01-06 16:27:11', 658, 25),
(541, 14, '2019-01-06 16:27:11', 658, 25),
(542, 20, '2019-01-06 16:27:31', 659, 25),
(543, 14, '2019-01-06 16:27:31', 659, 25),
(552, 27, '2019-01-06 17:27:10', 668, NULL),
(551, 27, '2019-01-06 17:27:07', 667, NULL),
(553, 27, '2019-01-06 17:27:15', 669, NULL),
(554, 27, '2019-01-06 17:27:21', 670, NULL),
(561, 25, '2021-08-02 21:07:59', 677, NULL),
(560, 25, '2021-08-02 20:59:05', 676, NULL);

-- --------------------------------------------------------

--
-- Table structure for table `posts`
--

CREATE TABLE `posts` (
  `id` int(11) NOT NULL,
  `user_id` int(11) NOT NULL,
  `date` timestamp NOT NULL DEFAULT CURRENT_TIMESTAMP,
  `text` mediumtext COLLATE utf8_unicode_ci NOT NULL,
  `image_id` int(11) DEFAULT NULL,
  `is_anonymous` tinyint(1) NOT NULL DEFAULT '0',
  `anonymous_nickname` text COLLATE utf8_unicode_ci,
  `hearts` int(11) NOT NULL DEFAULT '0',
  `comments` int(11) NOT NULL DEFAULT '0',
  `is_deleted` tinyint(1) NOT NULL DEFAULT '0'
) ENGINE=MyISAM DEFAULT CHARSET=utf8 COLLATE=utf8_unicode_ci;

--
-- Dumping data for table `posts`
--

INSERT INTO `posts` (`id`, `user_id`, `date`, `text`, `image_id`, `is_anonymous`, `anonymous_nickname`, `hearts`, `comments`, `is_deleted`) VALUES
(14, 1, '2018-07-22 17:56:30', 'על זה אני מדבר', NULL, 0, '', 0, 0, 0),
(15, 2, '2018-08-05 08:44:02', 'בדיקה', NULL, 0, '', 0, 0, 0),
(38, 1, '2018-08-06 18:56:50', 'בדיקוש', NULL, 0, '', 0, 0, 0),
(39, 1, '2018-07-22 17:56:30', 'על זה אני מדבר', NULL, 0, '', 0, 0, 0),
(36, 1, '2018-08-06 18:54:28', 'בדיקה', NULL, 0, '', 0, 0, 0),
(37, 1, '2018-08-06 18:55:05', 'בדיקה', NULL, 0, '', 0, 0, 0),
(18, 1, '2018-08-06 18:48:28', 'בדיקה', NULL, 0, '', 0, 0, 0),
(19, 1, '2018-08-06 18:48:51', 'בדיקה', NULL, 0, '', 0, 0, 0),
(20, 1, '2018-08-06 18:54:28', 'בדיקה', NULL, 0, '', 0, 0, 0),
(21, 1, '2018-08-06 18:55:05', 'בדיקה', NULL, 0, '', 0, 0, 0),
(22, 1, '2018-08-06 18:56:50', 'בדיקוש', NULL, 0, '', 0, 0, 0),
(23, 1, '2018-07-22 17:56:30', 'על זה אני מדבר', NULL, 0, '', 0, 0, 0),
(24, 2, '2018-08-05 08:44:02', 'בדיקה', NULL, 0, '', 0, 0, 0),
(34, 1, '2018-08-06 18:48:28', 'בדיקה', NULL, 0, '', 0, 0, 0),
(35, 1, '2018-08-06 18:48:51', 'בדיקה', NULL, 0, '', 0, 0, 0),
(32, 1, '2018-07-22 17:56:30', 'על זה אני מדבר', NULL, 0, '', 0, 0, 0),
(33, 2, '2018-08-05 08:44:02', 'בדיקה', NULL, 0, '', 0, 0, 0),
(27, 1, '2018-08-06 18:48:28', 'בדיקה', NULL, 0, '', 0, 0, 0),
(28, 1, '2018-08-06 18:48:51', 'בדיקה', NULL, 0, '', 0, 0, 0),
(29, 1, '2018-08-06 18:54:28', 'בדיקה', NULL, 0, '', 0, 0, 0),
(30, 1, '2018-08-06 18:55:05', 'בדיקה', NULL, 0, '', 0, 0, 0),
(31, 1, '2018-08-06 18:56:50', 'בדיקוש', NULL, 0, '', 0, 0, 0),
(40, 2, '2018-08-05 08:44:02', 'בדיקה', NULL, 0, '', 0, 0, 0),
(41, 1, '2018-08-06 18:48:28', 'בדיקה', NULL, 0, '', 0, 0, 0),
(42, 1, '2018-08-06 18:48:51', 'בדיקה', NULL, 0, '', 0, 0, 0),
(43, 1, '2018-08-06 18:54:28', 'בדיקה', NULL, 0, '', 0, 0, 0),
(44, 1, '2018-08-06 18:55:05', 'בדיקה', NULL, 0, '', 0, 0, 0),
(45, 1, '2018-08-06 18:56:50', 'בדיקוש', NULL, 0, '', 0, 0, 0),
(46, 1, '2018-07-22 17:56:30', 'על זה אני מדבר', NULL, 0, '', 0, 0, 0),
(47, 2, '2018-08-05 08:44:02', 'בדיקה', NULL, 0, '', 0, 0, 0),
(48, 1, '2018-08-06 18:56:50', 'בדיקוש', NULL, 0, '', 0, 0, 0),
(49, 1, '2018-07-22 17:56:30', 'על זה אני מדבר', NULL, 0, '', 0, 0, 0),
(50, 1, '2018-08-06 18:54:28', 'בדיקה', NULL, 0, '', 0, 0, 0),
(51, 1, '2018-08-06 18:55:05', 'בדיקה', NULL, 0, '', 0, 0, 0),
(52, 1, '2018-08-06 18:48:28', 'בדיקה', NULL, 0, '', 0, 0, 0),
(53, 1, '2018-08-06 18:48:51', 'בדיקה', NULL, 0, '', 0, 0, 0),
(54, 1, '2018-08-06 18:54:28', 'בדיקה', NULL, 0, '', 0, 0, 0),
(55, 1, '2018-08-06 18:55:05', 'בדיקה', NULL, 0, '', 0, 0, 0),
(56, 1, '2018-08-06 18:56:50', 'בדיקוש', NULL, 0, '', 0, 0, 0),
(57, 1, '2018-07-22 17:56:30', 'על זה אני מדבר', NULL, 0, '', 0, 0, 0),
(58, 2, '2018-08-05 08:44:02', 'בדיקה', NULL, 0, '', 0, 0, 0),
(59, 1, '2018-08-06 18:48:28', 'בדיקה', NULL, 0, '', 0, 0, 0),
(60, 1, '2018-08-06 18:48:51', 'בדיקה', NULL, 0, '', 0, 0, 0),
(61, 1, '2018-07-22 17:56:30', 'על זה אני מדבר', NULL, 0, '', 0, 0, 0),
(62, 2, '2018-08-05 08:44:02', 'בדיקה', NULL, 0, '', 0, 0, 0),
(63, 1, '2018-08-06 18:48:28', 'בדיקה', NULL, 0, '', 0, 0, 0),
(64, 1, '2018-08-06 18:48:51', 'בדיקה', NULL, 0, '', 0, 0, 0),
(65, 1, '2018-08-06 18:54:28', 'בדיקה', NULL, 0, '', 0, 0, 0),
(66, 1, '2018-08-06 18:55:05', 'בדיקה', NULL, 0, '', 0, 0, 0),
(67, 1, '2018-08-06 18:56:50', 'בדיקוש', NULL, 0, '', 0, 0, 0),
(68, 2, '2018-08-05 08:44:02', 'בדיקה', NULL, 0, '', 0, 0, 0),
(69, 1, '2018-08-06 18:48:28', 'בדיקה', NULL, 0, '', 0, 0, 0),
(70, 1, '2018-08-06 18:48:51', 'בדיקה', NULL, 0, '', 0, 0, 0),
(71, 1, '2018-08-06 18:54:28', 'בדיקה', NULL, 0, '', 0, 0, 0),
(72, 1, '2018-08-06 18:55:05', 'בדיקה', NULL, 0, '', 0, 0, 0),
(73, 1, '2018-08-06 18:56:50', 'בדיקוש', NULL, 0, '', 0, 0, 0),
(74, 1, '2018-07-22 17:56:30', 'על זה אני מדבר', NULL, 0, '', 0, 0, 0),
(75, 2, '2018-08-05 08:44:02', 'בדיקה', NULL, 0, '', 0, 0, 0),
(76, 1, '2018-08-06 18:56:50', 'בדיקוש', NULL, 0, '', 0, 0, 0),
(77, 1, '2018-07-22 17:56:30', 'על זה אני מדבר', NULL, 0, '', 0, 0, 0),
(78, 1, '2018-08-06 18:54:28', 'בדיקה', NULL, 0, '', 0, 0, 0),
(79, 1, '2018-08-06 18:55:05', 'בדיקה', NULL, 0, '', 0, 0, 0),
(80, 1, '2018-08-06 18:48:28', 'בדיקה', NULL, 0, '', 0, 0, 0),
(81, 1, '2018-08-06 18:48:51', 'בדיקה', NULL, 0, '', 0, 0, 0),
(82, 1, '2018-08-06 18:54:28', 'בדיקה', NULL, 0, '', 0, 0, 0),
(83, 1, '2018-08-06 18:55:05', 'בדיקה', NULL, 0, '', 0, 0, 0),
(84, 1, '2018-08-06 18:56:50', 'בדיקוש', NULL, 0, '', 0, 0, 0),
(85, 1, '2018-07-22 17:56:30', 'על זה אני מדבר', NULL, 0, '', 0, 0, 0),
(86, 2, '2018-08-05 08:44:02', 'בדיקה', NULL, 0, '', 0, 0, 0),
(87, 1, '2018-08-06 18:48:28', 'בדיקה', NULL, 0, '', 0, 0, 0),
(88, 1, '2018-08-06 18:48:51', 'בדיקה', NULL, 0, '', 0, 0, 0),
(89, 1, '2018-07-22 17:56:30', 'על זה אני מדבר', NULL, 0, '', 0, 0, 0),
(90, 2, '2018-08-05 08:44:02', 'בדיקה', NULL, 0, '', 0, 0, 0),
(91, 1, '2018-08-06 18:48:28', 'בדיקה', NULL, 0, '', 0, 0, 0),
(92, 1, '2018-08-06 18:48:51', 'בדיקה', NULL, 0, '', 0, 0, 0),
(93, 1, '2018-08-06 18:54:28', 'בדיקה', NULL, 0, '', 0, 0, 0),
(94, 1, '2018-08-06 18:55:05', 'בדיקה', NULL, 0, '', 0, 0, 0),
(95, 1, '2018-08-06 18:56:50', 'בדיקוש', NULL, 0, '', 0, 0, 0),
(96, 2, '2018-08-05 08:44:02', 'בדיקה', NULL, 0, '', 0, 0, 0),
(97, 1, '2018-08-06 18:48:28', 'בדיקה', NULL, 0, '', 0, 0, 0),
(98, 1, '2018-08-06 18:48:51', 'בדיקה', NULL, 0, '', 0, 0, 0),
(99, 1, '2018-08-06 18:54:28', 'בדיקה', NULL, 0, '', 0, 0, 0),
(100, 1, '2018-08-06 18:55:05', 'בדיקה', NULL, 0, '', 0, 0, 0),
(101, 1, '2018-08-06 18:56:50', 'בדיקוש', NULL, 0, '', 0, 0, 0),
(102, 1, '2018-07-22 17:56:30', 'על זה אני מדבר', NULL, 0, '', 0, 0, 0),
(103, 2, '2018-08-05 08:44:02', 'בדיקה', NULL, 0, '', 0, 0, 0),
(104, 1, '2018-08-06 18:56:50', 'בדיקוש', NULL, 0, '', 0, 0, 0),
(105, 1, '2018-07-22 17:56:30', 'על זה אני מדבר', NULL, 0, '', 0, 0, 0),
(106, 1, '2018-08-06 18:54:28', 'בדיקה', NULL, 0, '', 0, 0, 0),
(107, 1, '2018-08-06 18:55:05', 'בדיקה', NULL, 0, '', 0, 0, 0),
(108, 1, '2018-08-06 18:48:28', 'בדיקה', NULL, 0, '', 0, 0, 0),
(109, 1, '2018-08-06 18:48:51', 'בדיקה', NULL, 0, '', 0, 0, 0),
(110, 1, '2018-08-06 18:54:28', 'בדיקה', NULL, 0, '', 0, 0, 0),
(111, 1, '2018-08-06 18:55:05', 'בדיקה', NULL, 0, '', 0, 0, 0),
(112, 1, '2018-08-06 18:56:50', 'בדיקוש', NULL, 0, '', 0, 0, 0),
(113, 1, '2018-07-22 17:56:30', 'על זה אני מדבר', NULL, 0, '', 0, 0, 0),
(114, 2, '2018-08-05 08:44:02', 'בדיקה', NULL, 0, '', 0, 0, 0),
(115, 1, '2018-08-06 18:48:28', 'בדיקה', NULL, 0, '', 0, 0, 0),
(116, 1, '2018-08-06 18:48:51', 'בדיקה', NULL, 0, '', 0, 0, 0),
(117, 1, '2018-07-22 17:56:30', 'על זה אני מדבר', NULL, 0, '', 0, 0, 0),
(118, 2, '2018-08-05 08:44:02', 'בדיקה', NULL, 0, '', 0, 0, 0),
(119, 1, '2018-08-06 18:48:28', 'בדיקה', NULL, 0, '', 0, 0, 0),
(120, 1, '2018-08-06 18:48:51', 'בדיקה', NULL, 0, '', 0, 0, 0),
(121, 1, '2018-08-06 18:54:28', 'בדיקה', NULL, 0, '', 0, 0, 0),
(122, 1, '2018-08-06 18:55:05', 'בדיקה', NULL, 0, '', 0, 0, 0),
(123, 1, '2018-08-06 18:56:50', 'בדיקוש', NULL, 0, '', 0, 0, 0),
(124, 2, '2018-08-05 08:44:02', 'בדיקה', NULL, 0, '', 0, 0, 0),
(125, 1, '2018-08-06 18:48:28', 'בדיקה', NULL, 0, '', 0, 0, 0),
(126, 1, '2018-08-06 18:48:51', 'בדיקה', NULL, 0, '', 0, 0, 0),
(127, 1, '2018-08-06 18:54:28', 'בדיקה', NULL, 0, '', 0, 0, 0),
(128, 1, '2018-08-06 18:55:05', 'בדיקה', NULL, 0, '', 0, 0, 0),
(129, 1, '2018-08-06 18:56:50', 'בדיקוש', NULL, 0, '', 0, 0, 0),
(130, 1, '2018-07-22 17:56:30', 'על זה אני מדבר', NULL, 0, '', 0, 0, 0),
(131, 2, '2018-08-05 08:44:02', 'בדיקה', NULL, 0, '', 0, 0, 0),
(132, 1, '2018-08-06 18:56:50', 'בדיקוש', NULL, 0, '', 0, 0, 0),
(133, 1, '2018-07-22 17:56:30', 'על זה אני מדבר', NULL, 0, '', 0, 0, 0),
(134, 1, '2018-08-06 18:54:28', 'בדיקה', NULL, 0, '', 0, 0, 0),
(135, 1, '2018-08-06 18:55:05', 'בדיקה', NULL, 0, '', 0, 0, 0),
(136, 1, '2018-08-06 18:48:28', 'בדיקה', NULL, 0, '', 0, 0, 0),
(137, 1, '2018-08-06 18:48:51', 'בדיקה', NULL, 0, '', 0, 0, 0),
(138, 1, '2018-08-06 18:54:28', 'בדיקה', NULL, 0, '', 0, 0, 0),
(139, 1, '2018-08-06 18:55:05', 'בדיקה', NULL, 0, '', 0, 0, 0),
(140, 1, '2018-08-06 18:56:50', 'בדיקוש', NULL, 0, '', 0, 0, 0),
(141, 1, '2018-07-22 17:56:30', 'על זה אני מדבר', NULL, 0, '', 0, 0, 0),
(142, 2, '2018-08-05 08:44:02', 'בדיקה', NULL, 0, '', 0, 0, 0),
(143, 1, '2018-08-06 18:48:28', 'בדיקה', NULL, 0, '', 0, 0, 0),
(144, 1, '2018-08-06 18:48:51', 'בדיקה', NULL, 0, '', 0, 0, 0),
(145, 1, '2018-07-22 17:56:30', 'על זה אני מדבר', NULL, 0, '', 0, 0, 0),
(146, 2, '2018-08-05 08:44:02', 'בדיקה', NULL, 0, '', 0, 0, 0),
(147, 1, '2018-08-06 18:48:28', 'בדיקה', NULL, 0, '', 0, 0, 0),
(148, 1, '2018-08-06 18:48:51', 'בדיקה', NULL, 0, '', 0, 0, 0),
(149, 1, '2018-08-06 18:54:28', 'בדיקה', NULL, 0, '', 0, 0, 0),
(150, 1, '2018-08-06 18:55:05', 'בדיקה', NULL, 0, '', 0, 0, 0),
(151, 1, '2018-08-06 18:56:50', 'בדיקוש', NULL, 0, '', 0, 0, 0),
(152, 2, '2018-08-05 08:44:02', 'בדיקה', NULL, 0, '', 0, 0, 0),
(153, 1, '2018-08-06 18:48:28', 'בדיקה', NULL, 0, '', 0, 0, 0),
(154, 1, '2018-08-06 18:48:51', 'בדיקה', NULL, 0, '', 0, 0, 0),
(155, 1, '2018-08-06 18:54:28', 'בדיקה', NULL, 0, '', 0, 0, 0),
(156, 1, '2018-08-06 18:55:05', 'בדיקה', NULL, 0, '', 0, 0, 0),
(157, 1, '2018-08-06 18:56:50', 'בדיקוש', NULL, 0, '', 0, 0, 0),
(158, 1, '2018-07-22 17:56:30', 'על זה אני מדבר', NULL, 0, '', 0, 0, 0),
(159, 2, '2018-08-05 08:44:02', 'בדיקה', NULL, 0, '', 0, 0, 0),
(160, 1, '2018-08-06 18:56:50', 'בדיקוש', NULL, 0, '', 0, 0, 0),
(161, 1, '2018-07-22 17:56:30', 'על זה אני מדבר', NULL, 0, '', 0, 0, 0),
(162, 1, '2018-08-06 18:54:28', 'בדיקה', NULL, 0, '', 0, 0, 0),
(163, 1, '2018-08-06 18:55:05', 'בדיקה', NULL, 0, '', 0, 0, 0),
(164, 1, '2018-08-06 18:48:28', 'בדיקה', NULL, 0, '', 0, 0, 0),
(165, 1, '2018-08-06 18:48:51', 'בדיקה', NULL, 0, '', 0, 0, 0),
(166, 1, '2018-08-06 18:54:28', 'בדיקה', NULL, 0, '', 0, 0, 0),
(167, 1, '2018-08-06 18:55:05', 'בדיקה', NULL, 0, '', 0, 0, 0),
(168, 1, '2018-08-06 18:56:50', 'בדיקוש', NULL, 0, '', 0, 0, 0),
(169, 1, '2018-07-22 17:56:30', 'על זה אני מדבר', NULL, 0, '', 0, 0, 0),
(170, 2, '2018-08-05 08:44:02', 'בדיקה', NULL, 0, '', 0, 0, 0),
(171, 1, '2018-08-06 18:48:28', 'בדיקה', NULL, 0, '', 0, 0, 0),
(172, 1, '2018-08-06 18:48:51', 'בדיקה', NULL, 0, '', 0, 0, 0),
(173, 1, '2018-07-22 17:56:30', 'על זה אני מדבר', NULL, 0, '', 0, 0, 0),
(174, 2, '2018-08-05 08:44:02', 'בדיקה', NULL, 0, '', 0, 0, 0),
(175, 1, '2018-08-06 18:48:28', 'בדיקה', NULL, 0, '', 0, 0, 0),
(176, 1, '2018-08-06 18:48:51', 'בדיקה', NULL, 0, '', 0, 0, 0),
(177, 1, '2018-08-06 18:54:28', 'בדיקה', NULL, 0, '', 0, 0, 0),
(178, 1, '2018-08-06 18:55:05', 'בדיקה', NULL, 0, '', 0, 0, 0),
(179, 1, '2018-08-06 18:56:50', 'בדיקוש', NULL, 0, '', 0, 0, 0),
(180, 2, '2018-08-05 08:44:02', 'בדיקה', NULL, 0, '', 0, 0, 0),
(181, 1, '2018-08-06 18:48:28', 'בדיקה', NULL, 0, '', 0, 0, 0),
(182, 1, '2018-08-06 18:48:51', 'בדיקה', NULL, 0, '', 0, 0, 0),
(183, 1, '2018-08-06 18:54:28', 'בדיקה', NULL, 0, '', 0, 0, 0),
(184, 1, '2018-08-06 18:55:05', 'בדיקה', NULL, 0, '', 0, 0, 0),
(185, 1, '2018-08-06 18:56:50', 'בדיקוש', NULL, 0, '', 0, 0, 0),
(186, 1, '2018-07-22 17:56:30', 'על זה אני מדבר', NULL, 0, '', 0, 0, 0),
(187, 2, '2018-08-05 08:44:02', 'בדיקה', NULL, 0, '', 0, 0, 0),
(188, 1, '2018-08-06 18:56:50', 'בדיקוש', NULL, 0, '', 0, 0, 0),
(189, 1, '2018-07-22 17:56:30', 'על זה אני מדבר', NULL, 0, '', 0, 0, 0),
(190, 1, '2018-08-06 18:54:28', 'בדיקה', NULL, 0, '', 0, 0, 0),
(191, 1, '2018-08-06 18:55:05', 'בדיקה', NULL, 0, '', 0, 0, 0),
(192, 1, '2018-08-06 18:48:28', 'בדיקה', NULL, 0, '', 0, 0, 0),
(193, 1, '2018-08-06 18:48:51', 'בדיקה', NULL, 0, '', 0, 0, 0),
(194, 1, '2018-08-06 18:54:28', 'בדיקה', NULL, 0, '', 0, 0, 0),
(195, 1, '2018-08-06 18:55:05', 'בדיקה', NULL, 0, '', 0, 0, 0),
(196, 1, '2018-08-06 18:56:50', 'בדיקוש', NULL, 0, '', 0, 0, 0),
(197, 1, '2018-07-22 17:56:30', 'על זה אני מדבר', NULL, 0, '', 0, 0, 0),
(198, 2, '2018-08-05 08:44:02', 'בדיקה', NULL, 0, '', 0, 0, 0),
(199, 1, '2018-08-06 18:48:28', 'בדיקה', NULL, 0, '', 0, 0, 0),
(200, 1, '2018-08-06 18:48:51', 'בדיקה', NULL, 0, '', 0, 0, 0),
(201, 1, '2018-07-22 17:56:30', 'על זה אני מדבר', NULL, 0, '', 0, 0, 0),
(202, 2, '2018-08-05 08:44:02', 'בדיקה', NULL, 0, '', 0, 0, 0),
(203, 1, '2018-08-06 18:48:28', 'בדיקה', NULL, 0, '', 0, 0, 0),
(204, 1, '2018-08-06 18:48:51', 'בדיקה', NULL, 0, '', 0, 0, 0),
(205, 1, '2018-08-06 18:54:28', 'בדיקה', NULL, 0, '', 0, 0, 0),
(206, 1, '2018-08-06 18:55:05', 'בדיקה', NULL, 0, '', 0, 0, 0),
(207, 1, '2018-08-06 18:56:50', 'בדיקוש', NULL, 0, '', 0, 0, 0),
(208, 2, '2018-08-05 08:44:02', 'בדיקה', NULL, 0, '', 0, 0, 0),
(209, 1, '2018-08-06 18:48:28', 'בדיקה', NULL, 0, '', 0, 0, 0),
(210, 1, '2018-08-06 18:48:51', 'בדיקה', NULL, 0, '', 0, 0, 0),
(211, 1, '2018-08-06 18:54:28', 'בדיקה', NULL, 0, '', 0, 0, 0),
(212, 1, '2018-08-06 18:55:05', 'בדיקה', NULL, 0, '', 0, 0, 0),
(213, 1, '2018-08-06 18:56:50', 'בדיקוש', NULL, 0, '', 0, 0, 0),
(214, 1, '2018-07-22 17:56:30', 'על זה אני מדבר', NULL, 0, '', 0, 0, 0),
(215, 2, '2018-08-05 08:44:02', 'בדיקה', NULL, 0, '', 0, 0, 0),
(216, 1, '2018-08-06 18:56:50', 'בדיקוש', NULL, 0, '', 0, 0, 0),
(217, 1, '2018-07-22 17:56:30', 'על זה אני מדבר', NULL, 0, '', 0, 0, 0),
(218, 1, '2018-08-06 18:54:28', 'בדיקה', NULL, 0, '', 0, 0, 0),
(219, 1, '2018-08-06 18:55:05', 'בדיקה', NULL, 0, '', 0, 0, 0),
(220, 1, '2018-08-06 18:48:28', 'בדיקה', NULL, 0, '', 0, 0, 0),
(221, 1, '2018-08-06 18:48:51', 'בדיקה', NULL, 0, '', 0, 0, 0),
(222, 1, '2018-08-06 18:54:28', 'בדיקה', NULL, 0, '', 0, 0, 0),
(223, 1, '2018-08-06 18:55:05', 'בדיקה', NULL, 0, '', 0, 0, 0),
(224, 1, '2018-08-06 18:56:50', 'בדיקוש', NULL, 0, '', 0, 0, 0),
(225, 1, '2018-07-22 17:56:30', 'על זה אני מדבר', NULL, 0, '', 0, 0, 0),
(226, 2, '2018-08-11 13:19:20', 'שלום', NULL, 0, '', 1, 0, 0),
(227, 2, '2018-08-11 13:20:37', 'וואי בא לי איזה זין טוב', NULL, 0, '', 0, 0, 0),
(228, 1, '2018-08-11 21:48:50', '00:48', NULL, 0, '', 0, 0, 0),
(229, 1, '2018-08-15 15:20:06', 'kkk', NULL, 0, '', 0, 0, 1),
(230, 1, '2018-08-15 15:40:45', '', NULL, 0, '', 0, 0, 1),
(231, 1, '2018-08-15 15:41:55', 'להלהלה', NULL, 1, '', 0, 0, 0),
(232, 1, '2018-08-15 15:44:32', 'להלה', NULL, 0, '', 1, 0, 1),
(233, 1, '2018-08-15 15:44:37', 'גגג', NULL, 1, '', 0, 0, 0),
(234, 1, '2018-08-15 15:44:58', 'להלהלה', NULL, 1, '', 0, 0, 0),
(235, 1, '2018-08-15 15:48:13', 'ככככ', NULL, 1, '', 0, 0, 0),
(236, 1, '2018-08-15 15:48:53', 'גגגג', NULL, 1, '', 0, 0, 0),
(237, 1, '2018-08-15 15:57:00', 'היושים', NULL, 1, 'אנונימי', 1, 0, 0),
(238, 1, '2018-08-15 15:57:48', 'לולולולולו', NULL, 1, 'לילילילי', 5, 3, 0),
(239, 1, '2018-08-15 16:05:17', 'jjkk', NULL, 0, 'אנונימי', 7, 4, 0),
(240, 1, '2018-08-16 09:12:16', 'להלהלה', 95, 0, 'אנונימי', 1, 0, 0),
(241, 1, '2018-08-16 09:17:27', 'ddd', 96, 0, 'אנונימי', 1, 0, 0),
(242, 1, '2018-08-16 09:25:33', '', 97, 0, 'אנונימי', 1, 0, 0),
(243, 1, '2018-08-17 08:24:22', 'בדיקוש', 98, 0, 'אנונימי', 1, 0, 0),
(244, 1, '2018-08-17 15:06:36', 'היי', 100, 0, 'אנונימי', 1, 0, 1),
(245, 1, '2018-08-17 15:06:59', 'חחחח', 101, 0, 'אנונימי', 1, 1, 0),
(246, 1, '2018-08-17 15:08:01', 'This is my profile picture\r\nwho am I?', 102, 1, 'אנונימי', 2, 0, 0),
(247, 1, '2018-08-17 15:17:55', 'ככככ', NULL, 1, 'אנונימי', 0, 0, 0),
(249, 2, '2018-08-18 13:01:06', 'אני לא חר****', NULL, 1, 'לא מאיה קזאיה', 0, 0, 0),
(250, 2, '2018-08-18 13:05:00', 'מי רוצה לפרק אותי?', 105, 0, 'אנונימי', 3, 4, 0),
(251, 20, '2018-08-22 21:47:27', 'פוסט לבדיקה', NULL, 1, 'אנונימי', 0, 0, 0),
(252, 20, '2018-08-22 21:47:48', 'עוד פוסט לבדיקה', NULL, 0, 'אנונימי', 1, 1, 0),
(253, 22, '2018-08-25 09:25:23', '', 123, 0, 'אנונימי', 1, 1, 0),
(254, 1, '2018-12-21 07:33:01', 'טקסט מעודכן', 130, 0, 'אנונימי', 1, 0, 0),
(256, 25, '2019-01-06 16:42:42', 'על חתונה לא לחוץ', NULL, 0, 'אנונימי', 0, 0, 0),
(257, 25, '2019-01-06 16:42:57', 'את הצמיד חובש, את הבנות כובש', NULL, 0, 'אנונימי', 2, 1, 0),
(258, 1, '2019-02-13 10:19:41', 'שלום', NULL, 0, 'אנונימי', 0, 0, 0),
(259, 1, '2019-02-13 10:20:13', 'שלום', NULL, 1, 'אנונימי', 0, 0, 0),
(260, 1, '2019-02-13 11:02:22', 'להלהלה', NULL, 0, 'אנונימי', 0, 0, 0);

-- --------------------------------------------------------

--
-- Table structure for table `posts_comments`
--

CREATE TABLE `posts_comments` (
  `id` int(11) NOT NULL,
  `post_id` int(11) NOT NULL,
  `user_id` int(11) NOT NULL,
  `comment` mediumtext COLLATE utf8_unicode_ci NOT NULL,
  `date` timestamp NOT NULL DEFAULT CURRENT_TIMESTAMP
) ENGINE=MyISAM DEFAULT CHARSET=utf8 COLLATE=utf8_unicode_ci;

--
-- Dumping data for table `posts_comments`
--

INSERT INTO `posts_comments` (`id`, `post_id`, `user_id`, `comment`, `date`) VALUES
(1, 16, 1, 'בדיקה', '2018-08-05 09:36:37'),
(2, 17, 1, 'בדיקה', '2018-08-05 10:15:33'),
(3, 16, 1, 'בדיקה2', '2018-08-05 10:16:00'),
(4, 17, 1, 'בדיקה', '2018-08-05 10:16:09'),
(5, 17, 1, 'בדיקה3', '2018-08-05 10:16:20'),
(6, 17, 1, 'מהמהמה', '2018-08-05 10:16:26'),
(7, 17, 1, 'להלהלה', '2018-08-05 10:17:59'),
(8, 17, 1, 'בדיקה', '2018-08-05 10:18:17'),
(9, 17, 1, '?', '2018-08-05 10:18:55'),
(10, 16, 1, 'להלהלה', '2018-08-05 10:20:14'),
(11, 16, 1, 'בדיקה', '2018-08-05 10:20:21'),
(12, 17, 1, 'בדיקה בדיקה בדיקה בדיקה בדיקה בדיקה בדיקה בדיקה בדיקה בדיקה בדיקה בדיקה בדיקה בדיקה בדיקה בדיקה בדיקה בדיקה בדיקה בדיקה בדיקה בדיקה בדיקה בדיקה בדיקה בדיקה בדיקה בדיקה בדיקה בדיקה בדיקה בדיקה בדיקה בדיקה בדיקה בדיקה בדיקה בדיקה', '2018-08-05 14:01:55'),
(13, 38, 2, 'היוש', '2018-08-09 11:24:50'),
(14, 226, 1, 'מה קורה כוסית', '2018-08-11 13:19:29'),
(15, 226, 2, 'חחחח איזה דוחה', '2018-08-11 13:19:39'),
(16, 226, 2, 'קשה להאמין שאנשים כמוהו קיימים בעולם שלנו', '2018-08-11 13:19:49'),
(17, 227, 1, 'בואי אני יזיין אותך', '2018-08-11 13:20:47'),
(18, 227, 2, 'שלח הודעה 0586194321', '2018-08-11 13:21:01'),
(19, 228, 2, 'תגובה', '2018-08-15 14:51:54'),
(20, 228, 2, 'לדכלשקכלכ', '2018-08-15 14:51:55'),
(21, 239, 1, 'היוש', '2018-08-15 16:38:53'),
(22, 238, 1, 'הולי', '2018-08-16 21:45:25'),
(23, 238, 1, 'פאקינג', '2018-08-16 21:45:26'),
(24, 238, 1, 'שיט', '2018-08-16 21:45:27'),
(25, 239, 1, 'מה', '2018-08-16 21:45:49'),
(26, 239, 1, 'עכשיו', '2018-08-16 21:45:51'),
(27, 250, 1, 'אקטואלי?', '2018-08-18 13:13:02'),
(28, 250, 2, 'בטח. מאיפה ובן כמה?', '2018-08-18 13:19:27'),
(29, 250, 18, 'אוחחח שווה בואי אני אפרק אותך', '2018-08-18 13:58:41'),
(30, 250, 20, 'אנייי', '2018-08-22 21:46:40'),
(31, 252, 1, 'אמתתת', '2018-08-22 21:47:56'),
(32, 245, 1, 'בודק אם דברים עדיין עובדים בכלל', '2018-11-16 14:55:52'),
(33, 253, 1, 'איזה חמוד!!!', '2018-12-21 07:33:11'),
(34, 255, 1, 'בוא נזדיין!!!', '2019-01-06 16:42:23'),
(35, 257, 27, 'עומו', '2019-01-06 17:06:38');

-- --------------------------------------------------------

--
-- Table structure for table `posts_comments_hearts`
--

CREATE TABLE `posts_comments_hearts` (
  `id` int(11) NOT NULL,
  `comment_id` int(11) NOT NULL,
  `user_id` int(11) NOT NULL,
  `date` timestamp NOT NULL DEFAULT CURRENT_TIMESTAMP
) ENGINE=MyISAM DEFAULT CHARSET=latin1;

-- --------------------------------------------------------

--
-- Table structure for table `posts_hearts`
--

CREATE TABLE `posts_hearts` (
  `id` int(11) NOT NULL,
  `post_id` int(11) NOT NULL,
  `user_id` int(11) NOT NULL,
  `date` timestamp NOT NULL DEFAULT CURRENT_TIMESTAMP
) ENGINE=MyISAM DEFAULT CHARSET=utf8 COLLATE=utf8_unicode_ci;

--
-- Dumping data for table `posts_hearts`
--

INSERT INTO `posts_hearts` (`id`, `post_id`, `user_id`, `date`) VALUES
(21, 8, 1, '2018-07-20 16:33:53'),
(22, 9, 1, '2018-07-20 16:33:55'),
(23, 12, 1, '2018-07-20 16:34:23'),
(30, 13, 1, '2018-07-22 09:16:22'),
(28, 4, 1, '2018-07-21 19:50:00'),
(34, 14, 1, '2018-08-05 09:23:23'),
(32, 14, 8, '2018-07-22 18:49:13'),
(33, 14, 2, '2018-08-04 15:44:45'),
(35, 17, 1, '2018-08-05 14:12:59'),
(36, 38, 2, '2018-08-09 11:24:47'),
(37, 22, 2, '2018-08-11 13:13:25'),
(45, 226, 1, '2018-08-15 16:37:11'),
(39, 227, 1, '2018-08-11 13:42:56'),
(41, 228, 1, '2018-08-11 22:06:03'),
(42, 226, 2, '2018-08-13 08:47:26'),
(43, 228, 2, '2018-08-15 14:51:56'),
(44, 111, 2, '2018-08-15 14:54:03'),
(46, 239, 1, '2018-08-15 16:38:48'),
(47, 250, 1, '2018-08-18 13:12:56'),
(48, 250, 18, '2018-08-18 13:58:30'),
(49, 250, 20, '2018-08-22 21:47:35'),
(50, 252, 1, '2018-08-22 21:47:58'),
(51, 246, 20, '2018-08-22 21:48:41'),
(52, 245, 20, '2018-08-22 21:48:50'),
(53, 244, 20, '2018-08-22 21:48:53'),
(54, 243, 20, '2018-08-22 21:48:55'),
(55, 242, 20, '2018-08-22 21:48:57'),
(56, 241, 20, '2018-08-22 21:49:01'),
(57, 240, 20, '2018-08-22 21:49:05'),
(58, 239, 20, '2018-08-22 21:49:09'),
(59, 238, 20, '2018-08-22 21:49:10'),
(60, 237, 20, '2018-08-22 21:49:13'),
(61, 253, 1, '2018-12-21 07:33:07'),
(62, 254, 1, '2018-12-24 14:21:11'),
(63, 246, 1, '2018-12-24 14:21:19'),
(64, 232, 1, '2018-12-25 11:59:21'),
(65, 255, 1, '2019-01-06 16:42:19'),
(66, 257, 1, '2019-01-06 16:43:01'),
(67, 239, 27, '2019-01-06 17:06:24'),
(68, 257, 27, '2019-01-06 17:06:40');

-- --------------------------------------------------------

--
-- Table structure for table `posts_versions`
--

CREATE TABLE `posts_versions` (
  `id` int(11) NOT NULL,
  `post_id` int(11) NOT NULL,
  `text` text CHARACTER SET utf8 COLLATE utf8_unicode_ci NOT NULL,
  `date_changed` timestamp NOT NULL DEFAULT CURRENT_TIMESTAMP
) ENGINE=MyISAM DEFAULT CHARSET=latin1;

--
-- Dumping data for table `posts_versions`
--

INSERT INTO `posts_versions` (`id`, `post_id`, `text`, `date_changed`) VALUES
(2, 254, 'טקסט ערוך', '2018-12-25 13:48:08');

-- --------------------------------------------------------

--
-- Table structure for table `premium_buyers`
--

CREATE TABLE `premium_buyers` (
  `id` int(11) NOT NULL,
  `user_id` int(11) NOT NULL,
  `date` timestamp NOT NULL DEFAULT CURRENT_TIMESTAMP,
  `expire_date` datetime NOT NULL,
  `is_trial` tinyint(1) NOT NULL DEFAULT '0'
) ENGINE=MyISAM DEFAULT CHARSET=latin1;

-- --------------------------------------------------------

--
-- Table structure for table `premium_packages`
--

CREATE TABLE `premium_packages` (
  `id` int(11) NOT NULL,
  `name` text CHARACTER SET utf8 COLLATE utf8_unicode_ci NOT NULL,
  `flowers` int(11) NOT NULL,
  `show_ads` tinyint(1) NOT NULL,
  `exposure_percentage_increase` int(11) NOT NULL,
  `are_likes_restricred` tinyint(1) NOT NULL,
  `price` int(11) NOT NULL,
  `description` text CHARACTER SET utf8 COLLATE utf8_unicode_ci NOT NULL,
  `button_text` text CHARACTER SET utf8 COLLATE utf8_unicode_ci NOT NULL,
  `icon` text NOT NULL,
  `is_active` tinyint(1) NOT NULL DEFAULT '1'
) ENGINE=MyISAM DEFAULT CHARSET=latin1;

--
-- Dumping data for table `premium_packages`
--

INSERT INTO `premium_packages` (`id`, `name`, `flowers`, `show_ads`, `exposure_percentage_increase`, `are_likes_restricred`, `price`, `description`, `button_text`, `icon`, `is_active`) VALUES
(1, 'הדון חואן', 120, 0, 50, 0, 40, '"לוחם מטיל אימה. מאהב שיתן הכל מעצמו"', 'לקנייה', 'img/knight.png', 1),
(2, 'הרומיאו', 50, 0, 20, 0, 20, '"אהבה אסורה במחיר סביר"', 'לקנייה', 'img/free-trial.png', 1),
(3, 'המאהב', 20, 0, 0, 1, 0, '"הרומנטיקן העני"', 'לתקופת ניסיון', 'img/poor-love.png', 1);

-- --------------------------------------------------------

--
-- Table structure for table `profile_views`
--

CREATE TABLE `profile_views` (
  `id` int(11) NOT NULL,
  `viewer_id` int(11) NOT NULL,
  `viewed_id` int(11) NOT NULL,
  `date` date NOT NULL,
  `time` timestamp NOT NULL DEFAULT CURRENT_TIMESTAMP,
  `referal` mediumtext COLLATE utf8_unicode_ci NOT NULL,
  `streak` int(11) NOT NULL DEFAULT '1'
) ENGINE=MyISAM DEFAULT CHARSET=utf8 COLLATE=utf8_unicode_ci;

--
-- Dumping data for table `profile_views`
--

INSERT INTO `profile_views` (`id`, `viewer_id`, `viewed_id`, `date`, `time`, `referal`, `streak`) VALUES
(1, 1, 3, '2018-07-21', '2018-07-21 08:28:09', 'http://localhost:8080/AlphaDate/profiles/', 6),
(2, 1, 6, '2018-07-21', '2018-07-21 08:29:40', '', 2),
(3, 1, 5, '2018-07-21', '2018-07-21 08:30:58', '', 2),
(4, 1, 2, '2018-07-21', '2018-07-21 19:51:37', 'http://localhost:8080/AlphaDate/profiles/', 1),
(5, 1, 2, '2018-07-22', '2018-07-22 08:15:21', 'http://localhost:8080/AlphaDate/profiles/', 6),
(6, 2, 1, '2018-07-22', '2018-07-22 08:29:31', 'http://localhost:8080/AlphaDate/profiles/', 1),
(7, 0, 2, '2018-07-22', '2018-07-22 09:55:28', '', 1),
(8, 1, 3, '2018-07-22', '2018-07-22 17:57:56', 'http://localhost:8080/AlphaDate/profiles/', 2),
(9, 8, 1, '2018-07-22', '2018-07-22 18:49:12', 'http://localhost:8080/AlphaDate/feed/', 4),
(10, 1, 8, '2018-07-22', '2018-07-22 18:49:32', 'http://localhost:8080/AlphaDate/flowers/', 1),
(11, 1, 8, '2018-07-23', '2018-07-23 08:59:06', 'http://localhost:8080/AlphaDate/flowers/', 1),
(12, 1, 2, '2018-07-23', '2018-07-23 13:42:41', 'http://localhost:8080/AlphaDate/profiles/', 24),
(13, 1, 12, '2018-07-23', '2018-07-23 19:15:40', '', 1),
(14, 1, 2, '2018-07-24', '2018-07-23 21:12:41', 'http://localhost:8080/AlphaDate/matches/', 37),
(15, 1, 2, '2018-07-27', '2018-07-27 12:06:51', 'http://localhost:8080/AlphaDate/matches/', 10),
(16, 1, 2, '2018-07-29', '2018-07-29 16:19:26', '', 65),
(17, 2, 1, '2018-08-04', '2018-08-04 14:42:06', '', 6),
(18, 1, 2, '2018-08-04', '2018-08-04 14:58:07', 'http://localhost:8080/AlphaDate/meetings/', 3),
(19, 1, 2, '2018-08-05', '2018-08-05 07:59:00', '', 17),
(20, 1, 4, '2018-08-05', '2018-08-05 11:14:29', 'http://localhost:8080/AlphaDate/profiles/', 5),
(21, 1, 3, '2018-08-05', '2018-08-05 13:21:08', 'http://localhost:8080/AlphaDate/profiles/', 2),
(22, 1, 6, '2018-08-05', '2018-08-05 13:30:23', 'http://localhost:8080/AlphaDate/profiles/', 1),
(23, 1, 2, '2018-08-07', '2018-08-07 07:33:58', '', 1),
(24, 1, 3, '2018-08-07', '2018-08-07 07:34:10', '', 1),
(25, 1, 10, '2018-08-07', '2018-08-07 10:31:46', 'http://localhost:8080/AlphaDate/profiles/', 1),
(26, 1, 2, '2018-08-08', '2018-08-08 09:41:39', '', 3),
(27, 2, 1, '2018-08-08', '2018-08-08 14:36:11', 'http://localhost:8080/AlphaDate/matches/', 1),
(28, 1, 3, '2018-08-08', '2018-08-08 15:57:14', 'http://localhost:8080/AlphaDate/flowers/', 1),
(29, 1, 2, '2018-08-09', '2018-08-09 11:11:19', 'http://localhost:8080/AlphaDate/matches/', 6),
(30, 2, 1, '2018-08-09', '2018-08-09 11:11:22', 'http://localhost:8080/AlphaDate/matches/', 2),
(31, 1, 3, '2018-08-09', '2018-08-09 11:11:49', 'http://localhost:8080/AlphaDate/meetings/', 1),
(32, 1, 2, '2018-08-11', '2018-08-11 12:59:22', 'http://localhost:8080/AlphaDate/profile/1', 36),
(33, 2, 1, '2018-08-11', '2018-08-11 13:13:08', 'http://localhost:8080/AlphaDate/matches/', 2),
(34, 1, 10, '2018-08-11', '2018-08-11 13:38:18', 'http://localhost:8080/AlphaDate/profiles/', 2),
(35, 1, 11, '2018-08-12', '2018-08-11 21:59:44', 'http://localhost:8080/AlphaDate/profiles/', 35),
(36, 2, 1, '2018-08-12', '2018-08-12 08:22:09', 'http://192.168.43.195:8080/AlphaDate/matches/', 9),
(37, 1, 2, '2018-08-12', '2018-08-12 11:33:47', '', 37),
(38, 1, 2, '2018-08-13', '2018-08-13 09:09:44', 'http://localhost:8080/AlphaDate/feed/', 9),
(39, 1, 13, '2018-08-13', '2018-08-13 12:16:34', '', 3),
(40, 2, 13, '2018-08-13', '2018-08-13 12:18:34', '', 7),
(41, 13, 2, '2018-08-13', '2018-08-13 15:35:58', '', 4),
(42, 13, 1, '2018-08-13', '2018-08-13 15:36:59', 'http://localhost:8080/AlphaDate/profiles/', 2),
(43, 2, 1, '2018-08-15', '2018-08-15 14:50:35', 'http://localhost:8080/AlphaDate/profiles/', 2),
(44, 2, 6, '2018-08-15', '2018-08-15 14:52:01', 'http://localhost:8080/AlphaDate/profiles/', 1),
(45, 1, 8, '2018-08-15', '2018-08-15 15:19:54', 'http://localhost:8080/AlphaDate/profiles/', 1),
(46, 1, 2, '2018-08-16', '2018-08-16 14:20:50', 'http://localhost:8080/AlphaDate/', 1),
(47, 14, 1, '2018-08-16', '2018-08-16 20:56:35', 'http://localhost:8080/AlphaDate/feed/', 1),
(48, 14, 11, '2018-08-17', '2018-08-16 21:19:47', 'http://localhost:8080/AlphaDate/profiles/', 3),
(49, 14, 1, '2018-08-17', '2018-08-16 21:25:09', 'http://localhost:8080/AlphaDate/profiles/', 1),
(50, 17, 2, '2018-08-18', '2018-08-18 12:41:24', 'http://10.0.0.17:8080/AlphaDate/profiles/', 1),
(51, 2, 16, '2018-08-18', '2018-08-18 12:42:53', 'http://10.0.0.17:8080/AlphaDate/profiles/all/', 2),
(52, 18, 2, '2018-08-18', '2018-08-18 12:53:26', 'http://10.0.0.17:8080/AlphaDate/profiles/', 3),
(53, 2, 18, '2018-08-18', '2018-08-18 12:58:54', 'http://localhost:8080/AlphaDate/', 3),
(54, 1, 2, '2018-08-18', '2018-08-18 13:12:50', 'http://localhost:8080/AlphaDate/', 16),
(55, 1, 13, '2018-08-18', '2018-08-18 13:14:15', '', 2),
(56, 2, 1, '2018-08-18', '2018-08-18 13:18:23', 'http://10.0.0.17:8080/AlphaDate/conversation/1/', 1),
(57, 19, 18, '2018-08-18', '2018-08-18 13:32:57', 'http://localhost:8080/AlphaDate/profiles/', 2),
(58, 1, 20, '2018-08-23', '2018-08-22 21:39:37', 'http://localhost:8080/AlphaDate/matches/', 6),
(59, 20, 1, '2018-08-23', '2018-08-22 21:42:33', 'http://10.0.0.6:8080/AlphaDate/conversation/1/', 2),
(60, 21, 2, '2018-08-25', '2018-08-25 09:29:24', '', 2),
(61, 21, 1, '2018-08-25', '2018-08-25 09:29:29', '', 3),
(62, 21, 22, '2018-09-06', '2018-09-06 12:13:38', 'http://localhost:8080/AlphaDate/feed/', 5),
(63, 1, 2, '2018-11-16', '2018-11-16 14:49:19', 'http://localhost/AlphaDate/profiles/', 13),
(64, 1, 20, '2018-11-16', '2018-11-16 14:57:07', 'http://localhost/AlphaDate/meetings/my/', 1),
(65, 1, 6, '2018-12-08', '2018-12-08 11:21:18', 'http://localhost/AlphaDate/profiles/', 1),
(66, 1, 19, '2018-12-08', '2018-12-08 11:25:32', 'http://localhost/AlphaDate/profiles/', 1),
(67, 1, 2, '2018-12-08', '2018-12-08 11:28:27', 'http://localhost/AlphaDate/profiles/', 1),
(68, 1, 2, '2018-12-21', '2018-12-21 06:42:35', 'http://localhost/AlphaDate/profiles/', 31),
(69, 1, 10, '2018-12-21', '2018-12-21 10:05:22', 'http://localhost/AlphaDate/profiles/', 1),
(70, 1, 6, '2018-12-23', '2018-12-23 06:33:55', 'http://localhost/AlphaDate/profiles/', 1),
(71, 1, 19, '2018-12-23', '2018-12-23 06:39:47', 'http://localhost/AlphaDate/profiles/', 14),
(72, 1, 4, '2018-12-24', '2018-12-24 14:06:01', 'http://localhost/AlphaDate/profiles/', 2),
(73, 1, 19, '2018-12-24', '2018-12-24 14:07:51', 'http://localhost/AlphaDate/meetings/memories/', 1),
(74, 1, 3, '2018-12-24', '2018-12-24 14:20:38', 'http://localhost/AlphaDate/profiles/', 1),
(75, 1, 11, '2019-01-06', '2019-01-06 16:39:13', '', 1),
(76, 1, 25, '2019-01-06', '2019-01-06 16:39:20', '', 10),
(77, 25, 1, '2019-01-06', '2019-01-06 16:43:22', 'http://10.0.5.65/AlphaDate/meetings/', 4),
(78, 28, 1, '2019-01-06', '2019-01-06 17:05:11', 'http://10.0.5.65/AlphaDate/', 1),
(79, 27, 25, '2019-01-06', '2019-01-06 17:07:09', 'http://10.0.5.65/AlphaDate/feed/', 1),
(80, 25, 27, '2019-01-06', '2019-01-06 17:16:38', 'http://10.0.5.65/AlphaDate/', 2),
(81, 1, 28, '2019-01-06', '2019-01-06 17:27:38', '', 4),
(82, 1, 25, '2019-01-12', '2019-01-12 11:53:13', 'http://localhost/AlphaDate/matches/', 3),
(83, 1, 25, '2019-01-14', '2019-01-14 16:42:26', 'http://localhost/AlphaDate/feed/', 2),
(84, 1, 25, '2019-02-13', '2019-02-13 09:49:57', 'http://localhost/AlphaDate/meetings/my/', 3),
(85, 31, 1, '2019-02-13', '2019-02-13 10:34:08', '', 12),
(86, 1, 28, '2019-02-13', '2019-02-13 10:58:06', 'http://localhost/AlphaDate/profile/1/d841a', 4),
(87, 1, 26, '2019-02-13', '2019-02-13 11:05:55', 'http://localhost/AlphaDate/profiles/', 1),
(88, 1, 8, '2019-02-13', '2019-02-13 11:07:03', 'http://localhost/AlphaDate/', 1),
(89, 1, 3, '2020-06-06', '2020-06-06 10:55:28', 'http://localhost/AlphaDate/profiles/', 1),
(90, 1, 25, '2020-06-06', '2020-06-06 10:56:34', 'http://localhost/AlphaDate/matches/', 2),
(91, 1, 29, '2020-09-19', '2020-09-19 08:56:01', 'http://localhost/AlphaDate/profiles/', 1),
(92, 1, 3, '2020-09-19', '2020-09-19 08:56:15', 'http://localhost/AlphaDate/profiles/', 3),
(93, 1, 20, '2021-08-03', '2021-08-02 21:03:18', 'http://localhost/AlphaDate/matches/', 1);

-- --------------------------------------------------------

--
-- Table structure for table `sent_flowers`
--

CREATE TABLE `sent_flowers` (
  `id` int(11) NOT NULL,
  `from_id` int(11) NOT NULL,
  `to_id` int(11) NOT NULL,
  `date` timestamp NOT NULL DEFAULT CURRENT_TIMESTAMP,
  `seen` tinyint(1) NOT NULL DEFAULT '0'
) ENGINE=MyISAM DEFAULT CHARSET=utf8 COLLATE=utf8_unicode_ci;

--
-- Dumping data for table `sent_flowers`
--

INSERT INTO `sent_flowers` (`id`, `from_id`, `to_id`, `date`, `seen`) VALUES
(1, 1, 2, '2018-07-20 14:29:19', 0),
(2, 1, 2, '2018-07-20 14:29:32', 0),
(3, 1, 2, '2018-07-20 14:29:33', 0),
(4, 1, 2, '2018-07-20 14:29:33', 0),
(5, 1, 2, '2018-07-20 14:29:33', 0),
(6, 1, 2, '2018-07-20 14:29:34', 0),
(7, 1, 2, '2018-07-20 14:29:34', 0),
(8, 1, 2, '2018-07-20 14:29:35', 0),
(9, 1, 2, '2018-07-20 14:29:35', 0),
(10, 1, 2, '2018-07-20 14:29:35', 0),
(11, 1, 2, '2018-07-20 14:29:35', 0),
(12, 1, 2, '2018-07-20 14:29:36', 0),
(13, 1, 2, '2018-07-20 14:29:36', 0),
(14, 1, 2, '2018-07-20 14:29:36', 0),
(15, 1, 2, '2018-07-20 14:29:46', 0),
(16, 1, 2, '2018-07-20 14:32:11', 0),
(17, 1, 2, '2018-07-20 14:32:12', 0),
(18, 1, 2, '2018-07-20 14:32:12', 0),
(19, 1, 2, '2018-07-20 14:32:15', 0),
(20, 1, 2, '2018-07-20 14:32:19', 0),
(21, 1, 2, '2018-07-20 14:32:20', 0),
(22, 1, 2, '2018-07-20 14:32:20', 0),
(23, 1, 2, '2018-07-20 14:32:20', 0),
(24, 1, 2, '2018-07-20 14:32:21', 0),
(25, 1, 2, '2018-07-20 14:32:21', 0),
(26, 1, 2, '2018-07-20 14:32:21', 0),
(27, 1, 2, '2018-07-20 14:32:22', 0),
(28, 1, 3, '2018-07-20 14:48:30', 0),
(29, 1, 2, '2018-07-21 07:47:40', 0),
(30, 1, 2, '2018-07-22 09:12:16', 0),
(31, 1, 2, '2018-07-22 09:13:41', 0),
(32, 1, 2, '2018-07-22 09:13:56', 0),
(33, 1, 2, '2018-07-22 09:14:16', 0),
(34, 1, 2, '2018-07-22 09:14:17', 0),
(35, 1, 2, '2018-07-22 09:14:26', 0),
(36, 3, 1, '2018-07-22 18:00:12', 0),
(37, 8, 1, '2018-07-22 18:49:19', 0),
(38, 1, 8, '2018-07-22 18:49:34', 0),
(39, 1, 2, '2018-08-04 17:10:35', 0),
(40, 1, 2, '2018-08-04 17:10:38', 0),
(41, 1, 2, '2018-08-06 17:35:32', 0),
(42, 1, 2, '2018-08-09 11:12:02', 0),
(43, 1, 2, '2018-08-09 11:12:03', 0),
(44, 1, 2, '2018-08-09 11:12:03', 0),
(45, 2, 1, '2018-08-09 11:30:07', 0),
(46, 2, 1, '2018-08-09 11:30:08', 0),
(47, 1, 2, '2018-08-11 13:12:38', 0),
(48, 2, 1, '2018-08-12 08:22:14', 0),
(81, 1, 28, '2019-01-06 17:27:43', 0),
(80, 28, 1, '2019-01-06 17:05:20', 0),
(79, 1, 22, '2018-12-21 07:32:14', 0),
(78, 1, 22, '2018-12-21 07:31:02', 0),
(77, 1, 22, '2018-12-21 07:29:39', 0),
(76, 1, 20, '2018-12-07 20:44:14', 0),
(82, 1, 20, '2021-08-02 20:58:56', 0),
(75, 1, 20, '2018-08-22 21:42:46', 0),
(74, 20, 1, '2018-08-22 21:42:35', 0),
(73, 18, 2, '2018-08-18 13:58:20', 0),
(72, 18, 2, '2018-08-18 13:58:19', 0),
(70, 2, 18, '2018-08-18 13:04:38', 0),
(71, 19, 18, '2018-08-18 13:33:02', 0),
(83, 1, 20, '2021-08-02 21:03:36', 0);

-- --------------------------------------------------------

--
-- Table structure for table `settings`
--

CREATE TABLE `settings` (
  `id` int(11) NOT NULL,
  `name` text NOT NULL,
  `value` text NOT NULL
) ENGINE=MyISAM DEFAULT CHARSET=latin1;

--
-- Dumping data for table `settings`
--

INSERT INTO `settings` (`id`, `name`, `value`) VALUES
(1, 'is_chat_socket_running', 'true'),
(2, 'posts_per_page', '15'),
(3, 'profiles_per_page', '15');

-- --------------------------------------------------------

--
-- Table structure for table `stories`
--

CREATE TABLE `stories` (
  `id` int(11) NOT NULL,
  `user_id` int(11) NOT NULL,
  `image_id` int(11) NOT NULL,
  `text` text CHARACTER SET utf8 NOT NULL,
  `text_color` text NOT NULL,
  `is_text_with_bg` tinyint(1) NOT NULL DEFAULT '0',
  `date` timestamp NOT NULL DEFAULT CURRENT_TIMESTAMP
) ENGINE=MyISAM DEFAULT CHARSET=latin1;

--
-- Dumping data for table `stories`
--

INSERT INTO `stories` (`id`, `user_id`, `image_id`, `text`, `text_color`, `is_text_with_bg`, `date`) VALUES
(31, 2, 133, 'בדיקה', '#000000', 1, '2018-12-11 11:04:59'),
(32, 1, 134, '', '#ffffff', 0, '2018-12-22 12:08:35'),
(33, 2, 135, '', '#ffffff', 0, '2018-12-22 12:08:35'),
(34, 3, 133, 'בדיקה', '#000000', 1, '2018-12-11 11:04:59'),
(35, 3, 136, '', '#ffffff', 0, '2018-12-22 13:00:14'),
(36, 5, 136, '', '#ffffff', 0, '2018-12-22 13:00:14'),
(37, 4, 136, '', '#ffffff', 0, '2018-12-22 13:00:14'),
(38, 6, 136, '', '#ffffff', 0, '2018-12-22 13:00:14'),
(39, 1, 137, '', '#ffffff', 0, '2019-01-06 16:23:20'),
(40, 27, 141, 'אני כריש ואותך אני מכפיש', '#00000', 0, '2019-01-06 17:16:21'),
(41, 25, 142, 'נגמרו כל הנשים שבעולם', '#000000', 1, '2019-01-06 17:17:45'),
(42, 28, 143, 'קודם כל אני פולש לירושליים', '#000000', 0, '2019-01-06 17:18:42'),
(45, 28, 146, 'ואחר כך אני פולש לחלציים', '#000000', 0, '2019-01-06 17:22:10'),
(46, 1, 147, 'להלהלה', '#000000', 1, '2019-02-13 10:47:53'),
(47, 1, 148, '', '#ffffff', 0, '2020-09-19 08:41:06'),
(48, 1, 149, '', '#ffffff', 0, '2020-09-19 08:41:41'),
(49, 1, 150, '', '#ffffff', 0, '2020-09-19 08:42:06'),
(50, 1, 151, '', '#ffffff', 0, '2020-09-19 08:42:22'),
(51, 1, 152, '', '#ffffff', 0, '2021-08-02 20:59:48'),
(52, 1, 153, 'גרחחרחר', '#19c058', 1, '2021-08-02 21:00:17');

-- --------------------------------------------------------

--
-- Table structure for table `story_views`
--

CREATE TABLE `story_views` (
  `id` int(11) NOT NULL,
  `user_id` int(11) NOT NULL,
  `story_id` int(11) NOT NULL,
  `date` timestamp NOT NULL DEFAULT CURRENT_TIMESTAMP
) ENGINE=MyISAM DEFAULT CHARSET=latin1;

--
-- Dumping data for table `story_views`
--

INSERT INTO `story_views` (`id`, `user_id`, `story_id`, `date`) VALUES
(16, 1, 7, '2018-08-11 13:15:23'),
(15, 2, 6, '2018-08-09 11:29:12'),
(14, 2, 5, '2018-08-09 11:12:15'),
(13, 1, 4, '2018-08-08 14:41:45'),
(12, 1, 3, '2018-08-08 14:41:35'),
(11, 1, 2, '2018-08-08 14:41:25'),
(10, 1, 1, '2018-08-08 14:41:15'),
(17, 1, 8, '2018-08-11 13:16:07'),
(18, 2, 9, '2018-08-12 08:52:08'),
(19, 1, 11, '2018-08-12 11:39:00'),
(20, 1, 10, '2018-08-12 11:39:10'),
(21, 1, 12, '2018-08-12 14:34:26'),
(22, 2, 13, '2018-08-13 09:18:00'),
(23, 13, 13, '2018-08-13 11:28:41'),
(24, 13, 12, '2018-08-13 11:28:45'),
(25, 2, 14, '2018-08-15 14:47:43'),
(26, 14, 15, '2018-08-17 09:29:14'),
(27, 2, 17, '2018-08-18 13:24:13'),
(28, 2, 18, '2018-08-18 13:24:23'),
(29, 2, 21, '2018-08-18 13:29:04'),
(30, 2, 22, '2018-08-18 13:31:32'),
(31, 18, 22, '2018-08-18 13:54:07'),
(32, 18, 21, '2018-08-18 13:54:19'),
(33, 18, 20, '2018-08-18 13:54:31'),
(34, 18, 19, '2018-08-18 13:54:43'),
(35, 18, 17, '2018-08-18 13:54:50'),
(36, 18, 16, '2018-08-18 13:54:54'),
(37, 2, 20, '2018-08-18 14:00:39'),
(38, 18, 18, '2018-08-18 14:05:38'),
(39, 19, 21, '2018-08-18 14:06:01'),
(40, 19, 16, '2018-08-18 14:07:18'),
(41, 19, 19, '2018-08-18 14:08:04'),
(42, 20, 23, '2018-08-22 21:35:46'),
(43, 21, 24, '2018-08-25 09:24:26'),
(44, 21, 25, '2018-08-25 09:28:11'),
(45, 1, 26, '2018-12-07 19:43:34'),
(46, 2, 27, '2018-12-07 20:45:52'),
(47, 3, 27, '2018-12-07 20:45:52'),
(48, 4, 27, '2018-12-07 20:45:52'),
(49, 5, 27, '2018-12-07 20:45:52'),
(50, 6, 27, '2018-12-07 20:45:52'),
(51, 1, 22, '2018-12-21 07:16:30'),
(52, 1, 21, '2018-12-21 07:16:35'),
(53, 1, 24, '2018-12-21 07:31:24'),
(54, 1, 19, '2018-12-21 07:31:34'),
(55, 1, 33, '2018-12-22 12:59:42'),
(56, 1, 35, '2018-12-22 13:03:46'),
(57, 1, 37, '2018-12-22 13:22:11'),
(58, 1, 36, '2018-12-22 13:22:22'),
(59, 1, 38, '2018-12-22 14:08:37'),
(60, 25, 39, '2019-01-06 16:46:50'),
(61, 28, 39, '2019-01-06 17:05:06'),
(62, 27, 39, '2019-01-06 17:05:44'),
(63, 1, 40, '2019-01-06 17:16:36'),
(64, 25, 40, '2019-01-06 17:16:36'),
(65, 1, 41, '2019-01-06 17:17:55'),
(66, 28, 40, '2019-01-06 17:20:01'),
(67, 28, 41, '2019-01-06 17:20:12'),
(68, 1, 42, '2019-01-06 17:20:42'),
(69, 1, 43, '2019-01-06 17:20:52'),
(70, 1, 44, '2019-01-06 17:21:02'),
(71, 27, 41, '2019-01-06 17:22:27'),
(72, 27, 42, '2019-01-06 17:22:41'),
(73, 27, 45, '2019-01-06 17:22:51');

-- --------------------------------------------------------

--
-- Table structure for table `unseen_group_messages`
--

CREATE TABLE `unseen_group_messages` (
  `id` int(11) NOT NULL,
  `user_id` int(11) NOT NULL,
  `group_id` int(11) NOT NULL
) ENGINE=MyISAM DEFAULT CHARSET=latin1;

--
-- Dumping data for table `unseen_group_messages`
--

INSERT INTO `unseen_group_messages` (`id`, `user_id`, `group_id`) VALUES
(12, 10, 16),
(2, 10, 16),
(22, 4, 17),
(4, 10, 16),
(10, 10, 16),
(6, 10, 16),
(21, 10, 17),
(8, 10, 16),
(25, 4, 17),
(31, 11, 21),
(15, 10, 16),
(24, 10, 17),
(29, 11, 20),
(27, 10, 17),
(28, 4, 17),
(44, 10, 23),
(34, 10, 5),
(43, 14, 23),
(36, 10, 5),
(42, 20, 23),
(38, 10, 5),
(62, 18, 24),
(40, 10, 5),
(46, 20, 23),
(47, 14, 23),
(48, 10, 23),
(50, 18, 24),
(51, 13, 24),
(56, 18, 24),
(53, 18, 24),
(54, 13, 24),
(57, 13, 24),
(61, 2, 24),
(59, 18, 24),
(60, 13, 24),
(63, 13, 24),
(64, 2, 24),
(65, 18, 24),
(66, 13, 24),
(67, 2, 24),
(68, 18, 24),
(69, 13, 24),
(70, 2, 24),
(71, 18, 24),
(72, 13, 24),
(73, 2, 24),
(74, 18, 24),
(75, 13, 24),
(76, 2, 24),
(77, 18, 24),
(78, 13, 24),
(79, 20, 25),
(80, 14, 25),
(81, 20, 25),
(82, 14, 25),
(83, 20, 25),
(84, 14, 25),
(85, 20, 25),
(86, 14, 25),
(87, 20, 25),
(88, 14, 25),
(89, 20, 25),
(90, 14, 25),
(91, 20, 25),
(92, 14, 25);

-- --------------------------------------------------------

--
-- Table structure for table `users`
--

CREATE TABLE `users` (
  `id` int(11) NOT NULL,
  `fullname` text COLLATE utf8_unicode_ci NOT NULL,
  `nickname` text COLLATE utf8_unicode_ci,
  `email` varchar(99) COLLATE utf8_unicode_ci NOT NULL,
  `password_hashed` varchar(200) COLLATE utf8_unicode_ci NOT NULL,
  `gender` varchar(10) COLLATE utf8_unicode_ci DEFAULT NULL,
  `orientation` varchar(10) COLLATE utf8_unicode_ci DEFAULT NULL,
  `city` varchar(30) COLLATE utf8_unicode_ci DEFAULT NULL,
  `about_me` mediumtext COLLATE utf8_unicode_ci,
  `date_of_birth` date DEFAULT NULL,
  `signup_date` timestamp NOT NULL DEFAULT CURRENT_TIMESTAMP,
  `banned` tinyint(1) NOT NULL DEFAULT '0',
  `pp_id` varchar(99) COLLATE utf8_unicode_ci DEFAULT NULL,
  `flowers` int(11) NOT NULL DEFAULT '15',
  `last_connected` timestamp NOT NULL DEFAULT CURRENT_TIMESTAMP,
  `interest_age_min` int(11) NOT NULL DEFAULT '17',
  `interest_age_max` int(11) NOT NULL DEFAULT '120',
  `profession` varchar(40) COLLATE utf8_unicode_ci DEFAULT '',
  `company` varchar(40) COLLATE utf8_unicode_ci DEFAULT '',
  `education` mediumtext COLLATE utf8_unicode_ci,
  `popularity` int(11) NOT NULL DEFAULT '0',
  `is_in_hot_or_not` tinyint(1) NOT NULL DEFAULT '0',
  `relationship` varchar(20) COLLATE utf8_unicode_ci DEFAULT NULL,
  `height` int(11) DEFAULT NULL,
  `weight` int(11) DEFAULT NULL,
  `body_type` varchar(20) COLLATE utf8_unicode_ci DEFAULT NULL,
  `hair_color` varchar(20) COLLATE utf8_unicode_ci DEFAULT NULL,
  `eye_color` varchar(20) COLLATE utf8_unicode_ci DEFAULT NULL,
  `zodiac` text COLLATE utf8_unicode_ci,
  `children` int(11) NOT NULL DEFAULT '0',
  `smoking` tinyint(1) NOT NULL DEFAULT '0',
  `alcohol` varchar(20) COLLATE utf8_unicode_ci NOT NULL DEFAULT '',
  `is_paid_user` tinyint(1) NOT NULL DEFAULT '0',
  `is_default_age_interests` tinyint(1) NOT NULL DEFAULT '1',
  `mobile_floating_stories` tinyint(1) NOT NULL DEFAULT '0',
  `feed_sort` varchar(99) COLLATE utf8_unicode_ci NOT NULL DEFAULT 'date',
  `is_admin` tinyint(1) NOT NULL DEFAULT '0',
  `is_premium` tinyint(1) NOT NULL DEFAULT '0',
  `did_do_trial` tinyint(1) NOT NULL DEFAULT '0',
  `profile_hash` varchar(5) COLLATE utf8_unicode_ci NOT NULL
) ENGINE=MyISAM DEFAULT CHARSET=utf8 COLLATE=utf8_unicode_ci;

--
-- Dumping data for table `users`
--

INSERT INTO `users` (`id`, `fullname`, `nickname`, `email`, `password_hashed`, `gender`, `orientation`, `city`, `about_me`, `date_of_birth`, `signup_date`, `banned`, `pp_id`, `flowers`, `last_connected`, `interest_age_min`, `interest_age_max`, `profession`, `company`, `education`, `popularity`, `is_in_hot_or_not`, `relationship`, `height`, `weight`, `body_type`, `hair_color`, `eye_color`, `zodiac`, `children`, `smoking`, `alcohol`, `is_paid_user`, `is_default_age_interests`, `mobile_floating_stories`, `feed_sort`, `is_admin`, `is_premium`, `did_do_trial`, `profile_hash`) VALUES
(1, 'נווה שטרית', 'סתם בחור שכונה שמאוהב', 'yakovd33@gmail.com', '$2y$10$.pdTC4VfNKW.fJNbixTqUea3B4JanHUbeOXcTT/A2NX2zKNhSYM0G', 'female', 'both', 'עכו', 'לורם איפסום דולור סיט אמט, קונסקטורר אדיפיסינג אלית לורם איפסום דולור סיט אמט, קונסקטורר אדיפיסינג אלית. סת אלמנקום ניסי נון ניבאה. דס איאקוליס וולופטה דיאם. וסטיבולום אט דולור, קראס אגת לקטוס וואל אאוגו וסטיבולום סוליסי טידום בעליק. קונדימנטום קורוס בליקרה, נונסטי קלובר בריקנה סטום, לפריקך.', '1997-11-09', '2018-07-01 09:03:59', 0, '109', 326, '2021-08-02 21:07:47', 18, 120, 'מנהל שירות לקוחות', 'גוגל בע"מ', 'תואר שני במדעי המחשב ותואר ראשון בכלכלה ומנהל באוניברסיטת תל אביב.', 168, 1, 'רווק', 171, 55, 'ממוצע', 'חום כהה', 'ירוק', 'קשת', 0, 0, '', 0, 1, 0, 'date', 1, 1, 0, 'd841a'),
(2, 'מאיה קזאילה', '', 'yakovd30@walla.com', '$2y$10$FsYBX6Az2lbdafdRTAmW/uJQNMZ243ooqd140nkcBWyjJOcL4P0/m', 'female', 'female', 'חיפה', 'לורם איפסום דולור סיט אמט, קונסקטורר אדיפיסינג אלית לורם איפסום דולור סיט אמט, קונסקטורר אדיפיסינג אלית. סת אלמנקום ניסי נון ניבאה. דס איאקוליס וולופטה דיאם. וסטיבולום אט דולור, קראס אגת לקטוס וואל אאוגו וסטיבולום סוליסי טידום בעליק. קונדימנטום קורוס בליקרה, נונסטי קלובר בריקנה סטום, לפריקך.', '1999-01-04', '2018-07-18 08:44:12', 1, '110', 8, '2018-12-09 17:05:42', 18, 20, '× ×”×’', 'גוגל בע"מ', '', 150, 1, NULL, 175, 75, 'שרירי', 'חום כהה', 'חום', 'בתולה', 7, 1, '', 0, 1, 0, 'date', 0, 1, 0, 'd841a'),
(3, 'ישראל ישראלי', '', 'yakovd300@walla.com', '$2y$10$0O72EeOk3t7wpDV0CW2tU.pWSQKd2yRgzs.60B1kHuSPLWsyrJB5C', 'female', 'male', 'חיפה', 'לורם איפסום דולור סיט אמט, קונסקטורר אדיפיסינג אלית לורם איפסום דולור סיט אמט, קונסקטורר אדיפיסינג אלית. סת אלמנקום ניסי נון ניבאה. דס איאקוליס וולופטה דיאם. וסטיבולום אט דולור, קראס אגת לקטוס וואל אאוגו וסטיבולום סוליסי טידום בעליק. קונדימנטום קורוס בליקרה, נונסטי קלובר בריקנה סטום, לפריקך.', '1999-01-04', '2018-07-18 08:44:12', 0, '78', 0, '2018-08-15 14:47:40', 18, 120, 'לא', 'עובד', 'חיחיחי', 12, 1, NULL, 151, 45, 'ממוצע', 'בלונד', 'שחור', NULL, 6, 0, '', 0, 1, 0, 'date', 0, 1, 0, 'd841a'),
(4, 'ישראל ישראלי', '', 'yakovd3000@walla.com', '$2y$10$0O72EeOk3t7wpDV0CW2tU.pWSQKd2yRgzs.60B1kHuSPLWsyrJB5C', 'female', 'male', 'חיפה', 'לורם איפסום דולור סיט אמט, קונסקטורר אדיפיסינג אלית לורם איפסום דולור סיט אמט, קונסקטורר אדיפיסינג אלית. סת אלמנקום ניסי נון ניבאה. דס איאקוליס וולופטה דיאם. וסטיבולום אט דולור, קראס אגת לקטוס וואל אאוגו וסטיבולום סוליסי טידום בעליק. קונדימנטום קורוס בליקרה, נונסטי קלובר בריקנה סטום, לפריקך.', '1999-01-04', '2018-07-18 08:44:12', 0, NULL, 0, '2018-07-18 08:44:36', 18, 120, '', '', '', 8, 0, NULL, NULL, NULL, NULL, NULL, NULL, NULL, 0, 0, '', 0, 1, 0, 'date', 0, 1, 0, 'd841a'),
(5, 'ישראל ישראלי', '', 'yakovd333@walla.com', '$2y$10$0O72EeOk3t7wpDV0CW2tU.pWSQKd2yRgzs.60B1kHuSPLWsyrJB5C', 'female', 'male', 'חיפה', 'לורם איפסום דולור סיט אמט, קונסקטורר אדיפיסינג אלית לורם איפסום דולור סיט אמט, קונסקטורר אדיפיסינג אלית. סת אלמנקום ניסי נון ניבאה. דס איאקוליס וולופטה דיאם. וסטיבולום אט דולור, קראס אגת לקטוס וואל אאוגו וסטיבולום סוליסי טידום בעליק. קונדימנטום קורוס בליקרה, נונסטי קלובר בריקנה סטום, לפריקך.', '1999-01-04', '2018-07-18 08:44:12', 0, NULL, 0, '2018-07-18 08:44:36', 18, 120, '', '', '', 6, 0, NULL, NULL, NULL, NULL, NULL, NULL, NULL, 0, 0, '', 0, 1, 0, 'date', 0, 0, 0, 'd841a'),
(6, 'ישראל ישראלי', '', 'yakovd3333@walla.com', '$2y$10$0O72EeOk3t7wpDV0CW2tU.pWSQKd2yRgzs.60B1kHuSPLWsyrJB5C', 'female', 'male', 'חיפה', 'לורם איפסום דולור סיט אמט, קונסקטורר אדיפיסינג אלית לורם איפסום דולור סיט אמט, קונסקטורר אדיפיסינג אלית. סת אלמנקום ניסי נון ניבאה. דס איאקוליס וולופטה דיאם. וסטיבולום אט דולור, קראס אגת לקטוס וואל אאוגו וסטיבולום סוליסי טידום בעליק. קונדימנטום קורוס בליקרה, נונסטי קלובר בריקנה סטום, לפריקך.', '1999-01-04', '2018-07-18 08:44:12', 0, NULL, 0, '2020-11-28 08:52:57', 18, 120, '', '', '', 6, 0, NULL, NULL, NULL, NULL, NULL, NULL, NULL, 0, 0, '', 0, 1, 0, 'date', 0, 0, 0, 'd841a'),
(7, 'אתי עמר', 'להלהלה', '', '', 'male', NULL, NULL, NULL, '2018-07-03', '2018-07-22 18:43:47', 0, NULL, 15, '2018-07-22 18:43:47', 18, 120, '', '', NULL, 0, 0, NULL, NULL, NULL, NULL, NULL, NULL, NULL, 0, 0, '', 0, 1, 0, 'date', 0, 1, 0, 'd841a'),
(8, 'ג. יפית', NULL, 'gyafit@gmail.com', '$2y$10$foK4oDYskrXtRtoV0eohx.AnU9luCHu75rSWEcLLb0kiMep4a19Fi', 'male', NULL, NULL, NULL, '2000-11-09', '2018-07-22 18:47:43', 0, NULL, 15, '2018-08-18 13:29:29', 18, 120, '', '', NULL, 4, 0, NULL, NULL, NULL, NULL, NULL, NULL, NULL, 0, 0, '', 0, 1, 0, 'date', 0, 1, 0, 'd841a'),
(9, 'יעקב שטרית', NULL, 'gegege@gmail.com', '$2y$10$ljoFYH6sHGMlts7luut7ru98aYzHmapXsWeBsMv9RuwRs28j.VBOm', 'male', 'female', NULL, NULL, '1983-03-19', '2018-07-23 07:46:53', 0, NULL, 15, '2018-07-23 09:03:09', 18, 120, 'מקצוע', 'קקה', 'להלהלה', 100, 1, NULL, NULL, NULL, NULL, 'בלונד', 'כחול', NULL, 9, 1, '', 0, 1, 0, 'date', 0, 1, 0, 'd841a'),
(10, 'חי צרפתי', NULL, 'fgd@gmail.com', '$2y$10$4jvyYvKGKLG2yNM6n.UXhOzF8eK50KKLrXLxV//UgFnPMTqhlWbIm', 'male', 'female', NULL, NULL, '1983-03-19', '2018-07-23 07:48:47', 0, NULL, 16, '2018-07-23 08:00:29', 18, 120, '', '', 'כל מיני', 7, 1, NULL, NULL, NULL, NULL, NULL, NULL, NULL, 0, 0, '', 0, 1, 0, 'date', 0, 1, 0, 'd841a'),
(11, 'חי צרפתי', NULL, 'fghh@walla.com', '$2y$10$zPVWS4OCJfYUrRnaN0AtuebRj318VkQb7SNKORA7EmSZL1whsXSDu', 'male', NULL, NULL, NULL, '1983-03-19', '2018-07-23 08:04:09', 0, NULL, 15, '2018-07-23 08:11:20', 18, 120, '', '', NULL, 8, 0, NULL, NULL, NULL, NULL, NULL, NULL, NULL, 0, 0, '', 0, 1, 0, 'date', 0, 1, 0, 'd841a'),
(12, 'חי צרפתי', NULL, 'satla121212@walla.com', '$2y$10$0VXB16k/WUEynR.uNL9vj.hCdbS0U6UQ0E/xIyLEfLxrrHZ4B/i7e', 'male', 'female', NULL, NULL, '1983-03-19', '2018-07-23 08:13:30', 78, NULL, 12, '2018-07-23 09:04:15', 18, 120, '', '', NULL, 2, 1, 'רווק', NULL, NULL, NULL, NULL, NULL, NULL, 0, 0, '', 0, 1, 0, 'date', 0, 1, 0, 'd841a'),
(13, 'דליה כהן', NULL, 'yakovd999@gmail.com', '$2y$10$AWzklLGx1cEHAR34mqa4u.JtEMCIO5m7CcxBvg38j0DaaLG83Pucy', 'female', 'male', 'פתח תקווה', NULL, '1958-04-16', '2018-08-13 11:27:22', 78, '93', 36, '2018-08-18 13:27:58', 17, 120, '', '', NULL, 322, 1, NULL, NULL, NULL, NULL, NULL, NULL, NULL, 0, 0, '', 0, 1, 0, 'date', 0, 0, 0, 'd841a'),
(14, 'ימית אפללו', NULL, 'yakovd334234@gmail.com', '$2y$10$zFS4EKqGClVmtNDKdORXEubuOoVHzqB0Isk0h.6yN61JMwUYwSDTa', 'female', 'both', 'עכו', NULL, '1997-02-14', '2018-08-16 20:54:15', 0, NULL, 15, '2018-08-18 13:27:14', 18, 120, '', '', NULL, 17, 0, NULL, NULL, NULL, NULL, NULL, NULL, NULL, 0, 0, '', 0, 1, 0, 'date', 0, 0, 0, 'd841a'),
(19, 'אראלה ממפעל הפיס', NULL, 'yakovd3301@gmail.com', '$2y$10$.pdTC4VfNKW.fJNbixTqUea3B4JanHUbeOXcTT/A2NX2zKNhSYM0G', 'female', 'both', 'אבו גוש', NULL, '1968-08-09', '2018-08-18 13:29:55', 0, NULL, 9, '2018-12-23 06:44:09', 18, 120, '', '', NULL, 7, 1, NULL, NULL, NULL, NULL, NULL, NULL, NULL, 0, 0, '', 0, 1, 0, 'date', 0, 0, 0, 'd841a'),
(15, 'יהודה כהן', NULL, 'yakovd3673@gmail.com', '$2y$10$5FQLbgvkWEgFjJUrZB/EB.PjaEzXM7wvVI3SBzNPvGEciopBtxXIW', 'female', 'both', 'כפר עזה', NULL, '1989-07-04', '2018-08-18 12:31:28', 0, NULL, 15, '2018-08-18 12:41:42', 18, 120, '', '', NULL, 26, 1, NULL, NULL, NULL, NULL, NULL, NULL, NULL, 0, 0, '', 0, 1, 0, 'date', 0, 0, 0, 'd841a'),
(18, 'מור מזרחי', NULL, 'naveshitrit790@gmail.com', '$2y$10$QGdyV9GtIeu3cFTCQ95.EeJ3GYdWXra68naR2fqugOupDFhxVSycO', 'male', 'female', 'מודיעין-מכבים-רעות', NULL, '1997-09-30', '2018-08-18 12:50:39', 0, NULL, 1000, '2018-08-18 14:09:25', 17, 120, '', '', NULL, 500, 0, NULL, NULL, NULL, NULL, NULL, NULL, NULL, 0, 0, '', 0, 1, 0, 'date', 0, 0, 0, 'd841a'),
(20, 'דניאלה פרץ', 'לף', 'davidyat80@gmail.com', '$2y$10$QrkGEn9Y6Hz.HeS76ghvteSL3kKmU9At3a6aBn1R9E4Y/tLrcht3u', 'male', 'both', 'עכו', NULL, '1984-11-09', '2018-08-22 21:31:45', 0, NULL, 18, '2018-08-22 21:48:28', 18, 120, 'מאמן בחדר כושר', '', 'תואר 3', 30, 1, 'אלמן', 220, 150, 'שרירי', NULL, 'שחור', 'סרטן', 10, 1, '', 0, 1, 0, 'date', 0, 0, 0, 'd841a'),
(21, 'צחי בן גל', 'להלהלה', 'yakovd39@gmail.com', '$2y$10$0idjK7ooEyoxbhtbzI9pVOMn2ca/TurhNj6O0WMxtbTagkuI0KjcW', 'male', 'male', 'ירושלים', NULL, '1989-04-18', '2018-08-25 08:58:23', 0, NULL, 15, '2018-09-06 12:16:47', 17, 120, 'אללה', 'אכבר', '12 שנות לימוד', 15, 1, NULL, 159, 52, NULL, NULL, NULL, NULL, 0, 0, '', 0, 1, 0, 'date', 0, 0, 0, 'd841a'),
(22, 'חושן שנהב', NULL, 'yakovd730@walla.com', '$2y$10$lR4.RFT.nP6xVQdzGPQcbeh2Yi2vUnnvqwLNTfywR.bu4Hh8sOfpK', 'male', 'female', 'פתח תקווה', NULL, '1985-11-05', '2018-08-25 09:06:22', 0, NULL, 18, '2018-08-25 09:24:54', 17, 120, '', '', NULL, 26, 1, NULL, NULL, NULL, NULL, NULL, NULL, NULL, 0, 0, '', 0, 1, 0, 'date', 0, 0, 0, 'd841a'),
(23, 'גבי מאירי', NULL, 'yakovd7350@walla.com', '$2y$10$lR4.RFT.nP6xVQdzGPQcbeh2Yi2vUnnvqwLNTfywR.bu4Hh8sOfpK', 'male', 'female', 'פתח תקווה', NULL, '1980-11-05', '2018-08-25 09:06:22', 0, NULL, 15, '2018-08-25 09:24:54', 17, 120, '', '', NULL, 7, 1, NULL, NULL, NULL, NULL, NULL, NULL, NULL, 0, 0, '', 0, 1, 0, 'date', 0, 0, 0, 'd841a'),
(24, 'גבי מאירי', NULL, 'yakov7350@walla.com', '$2y$10$lR4.RFT.nP6xVQdzGPQcbeh2Yi2vUnnvqwLNTfywR.bu4Hh8sOfpK', 'male', 'female', 'פתח תקווה', NULL, '1980-11-05', '2018-08-25 09:06:22', 0, NULL, 15, '1993-08-25 09:24:54', 17, 120, '', '', NULL, 7, 1, NULL, NULL, NULL, NULL, NULL, NULL, NULL, 0, 0, '', 0, 1, 0, 'date', 0, 0, 0, 'd841a'),
(25, 'ישראל ישראלי', 'מחפש האהבה', 'lookingforlove@help.com', '$2y$10$jJfFKIlc.1buG0ytdaGhFuYXNhUyLeutg1rEL75x2GllF3Zq5y276', 'female', 'both', 'אשדוד', 'וואלה אני גבר רצח, אם את רוצה להנות דברי איתי.', '1999-09-09', '2019-01-06 16:37:37', 0, '138', 10, '2019-01-06 17:27:17', 18, 120, 'מנהל', 'במנהלת המנהלים המנהלתית', 'בסיסית +-', 412, 1, 'רווק', 162, 48, 'אתלטי', 'בלונד', 'כחול', 'בתולה', 0, 0, '', 0, 1, 0, 'date', 0, 1, 0, 'd841a'),
(26, 'Sexy McHotFace', NULL, 'yoav12426@gmail.com', '$2y$10$RsytbV0AuUy9.f4zAQe4oOp1vi.JgQdem9OnayIsdJsLn1sIQWrbu', 'male', 'בתחת', NULL, NULL, '1999-11-30', '2019-01-06 17:03:09', 0, NULL, 15, '2019-01-06 17:03:09', 17, 120, '', '', NULL, 2, 0, NULL, NULL, NULL, NULL, NULL, NULL, NULL, 0, 0, '', 0, 1, 0, 'date', 0, 0, 0, 'd841a'),
(27, 'טובי', 'דה בוי', 'tobi@tobimail.com', '$2y$10$.8X.jECstBXbRkYSlYTS2.HyuEZNOHm7xTSCOL50wLrF5btYBbuKm', 'male', 'female', 'נהריה', NULL, '1999-04-20', '2019-01-06 17:04:24', 0, NULL, 15, '2019-01-06 17:26:28', 18, 120, 'גבר ראשי', '', 'אני חכם', 7, 0, 'גרוש', 183, 72, 'אתלטי', 'בלונד', 'אחר', 'בתולה', 0, 0, '', 0, 1, 0, 'date', 0, 0, 0, 'd841a'),
(28, 'Sir Gillehard the hard', 'הכובש', 'yoav12426+1@gmail.com', '$2y$10$NRAKULmkaa.Kazjq3WYWruAIqW/Pw3n4ElzlGBr1PGu0hN8SD.KbK', 'male', 'male', 'בתחת', 'אני אפלוש לירושליים, ואז אפלוש לחלציים.', '0169-09-13', '2019-01-06 17:04:37', 0, '140', 15, '2019-01-06 17:29:34', 17, 120, 'איש דת', 'כנסייה', 'קורס בצליבה', 6, 0, 'רווק', 169, 120, NULL, 'בלונד', 'ירוק', NULL, 0, 0, '', 0, 1, 0, 'date', 0, 0, 0, 'd841a'),
(29, 'יעקב שטרית', NULL, 'yakovd3333@gmail.com', '$2y$10$LQDcNkFhiKDI.DPyBSofOe26GIBW46kxulyZd5zvPQoHSrC0TUJ8m', 'male', NULL, NULL, NULL, '1999-07-15', '2019-01-14 16:58:31', 0, NULL, 15, '2019-01-14 17:04:52', 17, 120, '', '', NULL, 2, 0, NULL, NULL, NULL, NULL, NULL, NULL, NULL, 0, 0, '', 0, 1, 0, 'date', 0, 0, 0, 'd841a'),
(30, 'בדג', NULL, 'yakov34d33@gmail.com', '$2y$10$VymKn4N6tp4mrv6lShdGrusKcOcNEmeYKBO15.8CYZAhu4ruLWpEe', 'male', NULL, NULL, NULL, '2019-04-11', '2019-01-14 17:24:09', 0, NULL, 15, '2019-01-14 17:24:59', 17, 120, '', '', NULL, 0, 0, NULL, NULL, NULL, NULL, NULL, NULL, NULL, 0, 0, '', 0, 1, 0, 'date', 0, 0, 0, 'd841a'),
(31, 'משה לייסטר', NULL, 'yakovd3334@gmail.com', '$2y$10$bRxdC42Ndrx2pvzMbzwQjOmwmZzZbZvAHHmxae/a95FvpECZGBULW', 'male', 'female', 'עכו', NULL, '1964-04-13', '2019-02-13 10:29:52', 0, NULL, 15, '2019-02-13 10:36:53', 17, 120, '', '', NULL, 0, 0, NULL, NULL, NULL, NULL, NULL, NULL, NULL, 0, 0, '', 0, 1, 0, 'date', 0, 0, 0, 'd841a');

-- --------------------------------------------------------

--
-- Table structure for table `users_connected_days`
--

CREATE TABLE `users_connected_days` (
  `id` int(11) NOT NULL,
  `user_id` int(11) NOT NULL,
  `date` date NOT NULL,
  `connection_time` timestamp NOT NULL DEFAULT CURRENT_TIMESTAMP
) ENGINE=MyISAM DEFAULT CHARSET=utf8 COLLATE=utf8_unicode_ci;

--
-- Dumping data for table `users_connected_days`
--

INSERT INTO `users_connected_days` (`id`, `user_id`, `date`, `connection_time`) VALUES
(1, 1, '2018-07-21', '2018-07-21 08:09:35'),
(2, 1, '2018-07-22', '2018-07-21 21:00:19'),
(3, 2, '2018-07-22', '2018-07-22 07:32:57'),
(4, 3, '2018-07-22', '2018-07-22 17:58:39'),
(5, 8, '2018-07-22', '2018-07-22 18:47:58'),
(6, 1, '2018-07-23', '2018-07-23 08:12:00'),
(7, 2, '2018-07-23', '2018-07-23 15:38:28'),
(8, 1, '2018-07-24', '2018-07-23 21:00:24'),
(9, 2, '2018-07-24', '2018-07-24 10:38:47'),
(10, 1, '2018-07-25', '2018-07-25 06:35:39'),
(11, 1, '2018-07-26', '2018-07-26 20:05:31'),
(12, 1, '2018-07-27', '2018-07-26 21:04:50'),
(13, 1, '2018-07-29', '2018-07-29 10:40:07'),
(14, 2, '2018-07-29', '2018-07-29 16:48:00'),
(15, 1, '2018-08-04', '2018-08-04 14:25:23'),
(16, 2, '2018-08-04', '2018-08-04 14:26:05'),
(17, 1, '2018-08-05', '2018-08-05 07:55:27'),
(18, 2, '2018-08-05', '2018-08-05 08:43:57'),
(19, 1, '2018-08-06', '2018-08-06 17:33:18'),
(20, 1, '2018-08-07', '2018-08-07 07:33:02'),
(21, 1, '2018-08-08', '2018-08-07 21:03:16'),
(22, 2, '2018-08-08', '2018-08-07 21:23:52'),
(23, 1, '2018-08-09', '2018-08-09 09:40:12'),
(24, 2, '2018-08-09', '2018-08-09 11:11:09'),
(25, 1, '2018-08-10', '2018-08-10 20:55:14'),
(26, 1, '2018-08-11', '2018-08-10 21:02:11'),
(27, 2, '2018-08-11', '2018-08-11 12:34:53'),
(28, 1, '2018-08-12', '2018-08-11 21:01:36'),
(29, 2, '2018-08-12', '2018-08-11 21:33:35'),
(30, 1, '2018-08-13', '2018-08-13 08:39:01'),
(31, 2, '2018-08-13', '2018-08-13 08:40:44'),
(32, 13, '2018-08-13', '2018-08-13 11:27:32'),
(33, 13, '2018-08-14', '2018-08-14 08:22:34'),
(34, 13, '2018-08-15', '2018-08-15 08:33:02'),
(35, 1, '2018-08-15', '2018-08-15 12:12:24'),
(36, 2, '2018-08-15', '2018-08-15 14:00:36'),
(37, 3, '2018-08-15', '2018-08-15 14:43:25'),
(38, 1, '2018-08-16', '2018-08-16 09:01:52'),
(39, 14, '2018-08-16', '2018-08-16 20:54:22'),
(40, 1, '2018-08-17', '2018-08-16 21:09:52'),
(41, 14, '2018-08-17', '2018-08-16 21:13:16'),
(42, 1, '2018-08-18', '2018-08-18 12:27:31'),
(43, 15, '2018-08-18', '2018-08-18 12:31:56'),
(44, 17, '2018-08-18', '2018-08-18 12:33:43'),
(45, 2, '2018-08-18', '2018-08-18 12:42:25'),
(46, 18, '2018-08-18', '2018-08-18 12:50:47'),
(47, 14, '2018-08-18', '2018-08-18 13:25:06'),
(48, 13, '2018-08-18', '2018-08-18 13:27:21'),
(49, 8, '2018-08-18', '2018-08-18 13:28:02'),
(50, 19, '2018-08-18', '2018-08-18 13:30:00'),
(51, 1, '2018-08-23', '2018-08-22 21:25:25'),
(52, 2, '2018-08-23', '2018-08-22 21:28:13'),
(53, 20, '2018-08-23', '2018-08-22 21:32:13'),
(54, 1, '2018-08-25', '2018-08-25 08:54:00'),
(55, 21, '2018-08-25', '2018-08-25 08:58:38'),
(56, 22, '2018-08-25', '2018-08-25 09:06:31'),
(57, 21, '2018-09-06', '2018-09-06 12:12:53'),
(58, 1, '2018-10-19', '2018-10-19 13:15:37'),
(59, 1, '2018-11-08', '2018-11-08 19:27:03'),
(60, 1, '2018-11-13', '2018-11-13 11:26:23'),
(61, 1, '2018-11-16', '2018-11-16 14:36:15'),
(62, 2, '2018-11-16', '2018-11-16 15:19:34'),
(63, 1, '2018-11-19', '2018-11-19 16:51:00'),
(64, 1, '2018-11-30', '2018-11-30 07:16:26'),
(65, 1, '2018-12-06', '2018-12-06 08:11:12'),
(66, 1, '2018-12-07', '2018-12-07 19:36:22'),
(67, 2, '2018-12-07', '2018-12-07 19:39:49'),
(68, 1, '2018-12-08', '2018-12-08 08:42:51'),
(69, 1, '2018-12-09', '2018-12-09 07:19:31'),
(70, 2, '2018-12-09', '2018-12-09 17:00:27'),
(71, 1, '2018-12-19', '2018-12-19 17:41:23'),
(72, 1, '2018-12-21', '2018-12-21 06:35:40'),
(73, 1, '2018-12-22', '2018-12-22 10:17:22'),
(74, 1, '2018-12-23', '2018-12-23 06:31:36'),
(75, 19, '2018-12-23', '2018-12-23 06:43:44'),
(76, 1, '2018-12-24', '2018-12-24 13:26:36'),
(77, 1, '2018-12-25', '2018-12-25 11:11:07'),
(78, 1, '2018-12-27', '2018-12-27 11:04:21'),
(79, 1, '2019-01-03', '2019-01-03 07:34:05'),
(80, 1, '2019-01-06', '2019-01-06 16:23:06'),
(81, 25, '2019-01-06', '2019-01-06 16:37:45'),
(82, 27, '2019-01-06', '2019-01-06 17:04:51'),
(83, 28, '2019-01-06', '2019-01-06 17:04:56'),
(84, 1, '2019-01-08', '2019-01-08 21:31:29'),
(85, 1, '2019-01-09', '2019-01-09 09:00:49'),
(86, 1, '2019-01-12', '2019-01-12 11:53:05'),
(87, 1, '2019-01-13', '2019-01-13 18:43:13'),
(88, 1, '2019-01-14', '2019-01-14 15:23:29'),
(89, 29, '2019-01-14', '2019-01-14 16:58:41'),
(90, 30, '2019-01-14', '2019-01-14 17:24:14'),
(91, 1, '2019-01-15', '2019-01-15 09:28:57'),
(92, 1, '2019-02-13', '2019-02-13 09:49:25'),
(93, 31, '2019-02-13', '2019-02-13 10:30:08'),
(94, 1, '2019-03-31', '2019-03-31 11:08:25'),
(95, 1, '2019-04-01', '2019-04-01 08:12:06'),
(96, 1, '2019-04-02', '2019-04-02 06:46:07'),
(97, 1, '2019-04-03', '2019-04-03 09:30:05'),
(98, 1, '2019-04-08', '2019-04-08 08:26:16'),
(99, 1, '2019-07-25', '2019-07-25 12:22:42'),
(100, 1, '2020-06-06', '2020-06-06 10:53:11'),
(101, 1, '2020-08-07', '2020-08-07 02:34:38'),
(102, 1, '2020-08-23', '2020-08-23 09:40:01'),
(103, 1, '2020-09-19', '2020-09-19 08:27:29'),
(104, 1, '2020-09-20', '2020-09-20 11:21:41'),
(105, 1, '2020-11-28', '2020-11-28 08:34:59'),
(106, 6, '2020-11-28', '2020-11-28 08:52:57'),
(107, 1, '2021-01-22', '2021-01-22 12:06:46'),
(108, 1, '2021-08-02', '2021-08-02 20:58:44'),
(109, 1, '2021-08-03', '2021-08-02 21:00:20');

-- --------------------------------------------------------

--
-- Table structure for table `users_hobbies`
--

CREATE TABLE `users_hobbies` (
  `id` int(11) NOT NULL,
  `user_id` int(11) NOT NULL,
  `text` text CHARACTER SET utf8 NOT NULL,
  `active` tinyint(1) NOT NULL DEFAULT '1'
) ENGINE=MyISAM DEFAULT CHARSET=latin1;

--
-- Dumping data for table `users_hobbies`
--

INSERT INTO `users_hobbies` (`id`, `user_id`, `text`, `active`) VALUES
(1, 21, 'גלישה', 0),
(2, 21, 'undefined', 0),
(3, 21, 'undefined', 0),
(4, 21, 'היי', 0),
(5, 21, 'הה', 0),
(6, 21, 'שדגשדג', 0),
(7, 21, 'שדגשד', 0),
(8, 21, 'הייי', 0),
(9, 21, 'גשדג', 0),
(10, 21, 'יובל המבולבל', 0),
(11, 21, 'יובל המבולבל', 0),
(12, 21, 'יובל המבולבל', 1),
(13, 1, 'שחייה', 0),
(14, 25, 'לדקור, לדקור, לדקור', 1),
(15, 28, 'ירושליים', 0),
(16, 1, 'למצוץ זין', 1);

-- --------------------------------------------------------

--
-- Table structure for table `users_languages`
--

CREATE TABLE `users_languages` (
  `id` int(11) NOT NULL,
  `user_id` int(11) NOT NULL,
  `language` varchar(15) COLLATE utf8_unicode_ci NOT NULL
) ENGINE=MyISAM DEFAULT CHARSET=utf8 COLLATE=utf8_unicode_ci;

--
-- Indexes for dumped tables
--

--
-- Indexes for table `blocked_users`
--
ALTER TABLE `blocked_users`
  ADD PRIMARY KEY (`id`);

--
-- Indexes for table `chat_groups`
--
ALTER TABLE `chat_groups`
  ADD PRIMARY KEY (`id`);

--
-- Indexes for table `chat_groups_members`
--
ALTER TABLE `chat_groups_members`
  ADD PRIMARY KEY (`id`);

--
-- Indexes for table `cities`
--
ALTER TABLE `cities`
  ADD PRIMARY KEY (`id`);

--
-- Indexes for table `contact_form_submitions`
--
ALTER TABLE `contact_form_submitions`
  ADD PRIMARY KEY (`id`);

--
-- Indexes for table `emojis`
--
ALTER TABLE `emojis`
  ADD PRIMARY KEY (`id`);

--
-- Indexes for table `hot_or_not_matches`
--
ALTER TABLE `hot_or_not_matches`
  ADD PRIMARY KEY (`id`);

--
-- Indexes for table `hot_or_not_pics`
--
ALTER TABLE `hot_or_not_pics`
  ADD PRIMARY KEY (`id`);

--
-- Indexes for table `hot_or_not_voted`
--
ALTER TABLE `hot_or_not_voted`
  ADD PRIMARY KEY (`id`);

--
-- Indexes for table `images`
--
ALTER TABLE `images`
  ADD PRIMARY KEY (`id`);

--
-- Indexes for table `log`
--
ALTER TABLE `log`
  ADD PRIMARY KEY (`id`);

--
-- Indexes for table `login_attempts`
--
ALTER TABLE `login_attempts`
  ADD PRIMARY KEY (`id`);

--
-- Indexes for table `login_hashes`
--
ALTER TABLE `login_hashes`
  ADD PRIMARY KEY (`id`);

--
-- Indexes for table `meetings_requests`
--
ALTER TABLE `meetings_requests`
  ADD PRIMARY KEY (`id`);

--
-- Indexes for table `messages`
--
ALTER TABLE `messages`
  ADD PRIMARY KEY (`id`);

--
-- Indexes for table `open_chatboxes`
--
ALTER TABLE `open_chatboxes`
  ADD PRIMARY KEY (`id`);

--
-- Indexes for table `paid_heads`
--
ALTER TABLE `paid_heads`
  ADD PRIMARY KEY (`id`);

--
-- Indexes for table `password_reset_tokens`
--
ALTER TABLE `password_reset_tokens`
  ADD PRIMARY KEY (`id`);

--
-- Indexes for table `pending_messages`
--
ALTER TABLE `pending_messages`
  ADD PRIMARY KEY (`id`);

--
-- Indexes for table `posts`
--
ALTER TABLE `posts`
  ADD PRIMARY KEY (`id`);

--
-- Indexes for table `posts_comments`
--
ALTER TABLE `posts_comments`
  ADD PRIMARY KEY (`id`);

--
-- Indexes for table `posts_comments_hearts`
--
ALTER TABLE `posts_comments_hearts`
  ADD PRIMARY KEY (`id`);

--
-- Indexes for table `posts_hearts`
--
ALTER TABLE `posts_hearts`
  ADD PRIMARY KEY (`id`);

--
-- Indexes for table `posts_versions`
--
ALTER TABLE `posts_versions`
  ADD PRIMARY KEY (`id`);

--
-- Indexes for table `premium_buyers`
--
ALTER TABLE `premium_buyers`
  ADD PRIMARY KEY (`id`);

--
-- Indexes for table `premium_packages`
--
ALTER TABLE `premium_packages`
  ADD PRIMARY KEY (`id`);

--
-- Indexes for table `profile_views`
--
ALTER TABLE `profile_views`
  ADD PRIMARY KEY (`id`);

--
-- Indexes for table `sent_flowers`
--
ALTER TABLE `sent_flowers`
  ADD PRIMARY KEY (`id`);

--
-- Indexes for table `settings`
--
ALTER TABLE `settings`
  ADD PRIMARY KEY (`id`);

--
-- Indexes for table `stories`
--
ALTER TABLE `stories`
  ADD PRIMARY KEY (`id`),
  ADD KEY `user_id` (`user_id`),
  ADD KEY `user_id_2` (`user_id`);

--
-- Indexes for table `story_views`
--
ALTER TABLE `story_views`
  ADD PRIMARY KEY (`id`);

--
-- Indexes for table `unseen_group_messages`
--
ALTER TABLE `unseen_group_messages`
  ADD PRIMARY KEY (`id`);

--
-- Indexes for table `users`
--
ALTER TABLE `users`
  ADD PRIMARY KEY (`id`),
  ADD UNIQUE KEY `email` (`email`);

--
-- Indexes for table `users_connected_days`
--
ALTER TABLE `users_connected_days`
  ADD PRIMARY KEY (`id`);

--
-- Indexes for table `users_hobbies`
--
ALTER TABLE `users_hobbies`
  ADD PRIMARY KEY (`id`);

--
-- Indexes for table `users_languages`
--
ALTER TABLE `users_languages`
  ADD PRIMARY KEY (`id`);

--
-- AUTO_INCREMENT for dumped tables
--

--
-- AUTO_INCREMENT for table `blocked_users`
--
ALTER TABLE `blocked_users`
  MODIFY `id` int(11) NOT NULL AUTO_INCREMENT, AUTO_INCREMENT=3;
--
-- AUTO_INCREMENT for table `chat_groups`
--
ALTER TABLE `chat_groups`
  MODIFY `id` int(11) NOT NULL AUTO_INCREMENT, AUTO_INCREMENT=26;
--
-- AUTO_INCREMENT for table `chat_groups_members`
--
ALTER TABLE `chat_groups_members`
  MODIFY `id` int(11) NOT NULL AUTO_INCREMENT, AUTO_INCREMENT=84;
--
-- AUTO_INCREMENT for table `cities`
--
ALTER TABLE `cities`
  MODIFY `id` int(11) NOT NULL AUTO_INCREMENT, AUTO_INCREMENT=4996;
--
-- AUTO_INCREMENT for table `contact_form_submitions`
--
ALTER TABLE `contact_form_submitions`
  MODIFY `id` int(11) NOT NULL AUTO_INCREMENT, AUTO_INCREMENT=2;
--
-- AUTO_INCREMENT for table `emojis`
--
ALTER TABLE `emojis`
  MODIFY `id` int(11) NOT NULL AUTO_INCREMENT, AUTO_INCREMENT=5552;
--
-- AUTO_INCREMENT for table `hot_or_not_matches`
--
ALTER TABLE `hot_or_not_matches`
  MODIFY `id` int(11) NOT NULL AUTO_INCREMENT, AUTO_INCREMENT=26;
--
-- AUTO_INCREMENT for table `hot_or_not_pics`
--
ALTER TABLE `hot_or_not_pics`
  MODIFY `id` int(11) NOT NULL AUTO_INCREMENT, AUTO_INCREMENT=39;
--
-- AUTO_INCREMENT for table `hot_or_not_voted`
--
ALTER TABLE `hot_or_not_voted`
  MODIFY `id` int(11) NOT NULL AUTO_INCREMENT, AUTO_INCREMENT=183;
--
-- AUTO_INCREMENT for table `images`
--
ALTER TABLE `images`
  MODIFY `id` int(11) NOT NULL AUTO_INCREMENT, AUTO_INCREMENT=154;
--
-- AUTO_INCREMENT for table `log`
--
ALTER TABLE `log`
  MODIFY `id` int(11) NOT NULL AUTO_INCREMENT, AUTO_INCREMENT=33;
--
-- AUTO_INCREMENT for table `login_attempts`
--
ALTER TABLE `login_attempts`
  MODIFY `id` int(11) NOT NULL AUTO_INCREMENT, AUTO_INCREMENT=81;
--
-- AUTO_INCREMENT for table `login_hashes`
--
ALTER TABLE `login_hashes`
  MODIFY `id` int(11) NOT NULL AUTO_INCREMENT, AUTO_INCREMENT=134;
--
-- AUTO_INCREMENT for table `meetings_requests`
--
ALTER TABLE `meetings_requests`
  MODIFY `id` int(11) NOT NULL AUTO_INCREMENT, AUTO_INCREMENT=20;
--
-- AUTO_INCREMENT for table `messages`
--
ALTER TABLE `messages`
  MODIFY `id` int(11) NOT NULL AUTO_INCREMENT, AUTO_INCREMENT=678;
--
-- AUTO_INCREMENT for table `open_chatboxes`
--
ALTER TABLE `open_chatboxes`
  MODIFY `id` int(11) NOT NULL AUTO_INCREMENT, AUTO_INCREMENT=449;
--
-- AUTO_INCREMENT for table `paid_heads`
--
ALTER TABLE `paid_heads`
  MODIFY `id` int(11) NOT NULL AUTO_INCREMENT, AUTO_INCREMENT=7;
--
-- AUTO_INCREMENT for table `password_reset_tokens`
--
ALTER TABLE `password_reset_tokens`
  MODIFY `id` int(11) NOT NULL AUTO_INCREMENT, AUTO_INCREMENT=33;
--
-- AUTO_INCREMENT for table `pending_messages`
--
ALTER TABLE `pending_messages`
  MODIFY `id` int(11) NOT NULL AUTO_INCREMENT, AUTO_INCREMENT=562;
--
-- AUTO_INCREMENT for table `posts`
--
ALTER TABLE `posts`
  MODIFY `id` int(11) NOT NULL AUTO_INCREMENT, AUTO_INCREMENT=261;
--
-- AUTO_INCREMENT for table `posts_comments`
--
ALTER TABLE `posts_comments`
  MODIFY `id` int(11) NOT NULL AUTO_INCREMENT, AUTO_INCREMENT=36;
--
-- AUTO_INCREMENT for table `posts_comments_hearts`
--
ALTER TABLE `posts_comments_hearts`
  MODIFY `id` int(11) NOT NULL AUTO_INCREMENT;
--
-- AUTO_INCREMENT for table `posts_hearts`
--
ALTER TABLE `posts_hearts`
  MODIFY `id` int(11) NOT NULL AUTO_INCREMENT, AUTO_INCREMENT=69;
--
-- AUTO_INCREMENT for table `posts_versions`
--
ALTER TABLE `posts_versions`
  MODIFY `id` int(11) NOT NULL AUTO_INCREMENT, AUTO_INCREMENT=3;
--
-- AUTO_INCREMENT for table `premium_buyers`
--
ALTER TABLE `premium_buyers`
  MODIFY `id` int(11) NOT NULL AUTO_INCREMENT;
--
-- AUTO_INCREMENT for table `premium_packages`
--
ALTER TABLE `premium_packages`
  MODIFY `id` int(11) NOT NULL AUTO_INCREMENT, AUTO_INCREMENT=4;
--
-- AUTO_INCREMENT for table `profile_views`
--
ALTER TABLE `profile_views`
  MODIFY `id` int(11) NOT NULL AUTO_INCREMENT, AUTO_INCREMENT=94;
--
-- AUTO_INCREMENT for table `sent_flowers`
--
ALTER TABLE `sent_flowers`
  MODIFY `id` int(11) NOT NULL AUTO_INCREMENT, AUTO_INCREMENT=84;
--
-- AUTO_INCREMENT for table `settings`
--
ALTER TABLE `settings`
  MODIFY `id` int(11) NOT NULL AUTO_INCREMENT, AUTO_INCREMENT=4;
--
-- AUTO_INCREMENT for table `stories`
--
ALTER TABLE `stories`
  MODIFY `id` int(11) NOT NULL AUTO_INCREMENT, AUTO_INCREMENT=53;
--
-- AUTO_INCREMENT for table `story_views`
--
ALTER TABLE `story_views`
  MODIFY `id` int(11) NOT NULL AUTO_INCREMENT, AUTO_INCREMENT=74;
--
-- AUTO_INCREMENT for table `unseen_group_messages`
--
ALTER TABLE `unseen_group_messages`
  MODIFY `id` int(11) NOT NULL AUTO_INCREMENT, AUTO_INCREMENT=93;
--
-- AUTO_INCREMENT for table `users`
--
ALTER TABLE `users`
  MODIFY `id` int(11) NOT NULL AUTO_INCREMENT, AUTO_INCREMENT=32;
--
-- AUTO_INCREMENT for table `users_connected_days`
--
ALTER TABLE `users_connected_days`
  MODIFY `id` int(11) NOT NULL AUTO_INCREMENT, AUTO_INCREMENT=110;
--
-- AUTO_INCREMENT for table `users_hobbies`
--
ALTER TABLE `users_hobbies`
  MODIFY `id` int(11) NOT NULL AUTO_INCREMENT, AUTO_INCREMENT=17;
--
-- AUTO_INCREMENT for table `users_languages`
--
ALTER TABLE `users_languages`
  MODIFY `id` int(11) NOT NULL AUTO_INCREMENT;
/*!40101 SET CHARACTER_SET_CLIENT=@OLD_CHARACTER_SET_CLIENT */;
/*!40101 SET CHARACTER_SET_RESULTS=@OLD_CHARACTER_SET_RESULTS */;
/*!40101 SET COLLATION_CONNECTION=@OLD_COLLATION_CONNECTION */;
